Transaction,Type,Currency,Amount,USD Equivalent,Details,Outstanding Loan,Date / Time
NXTqWpnDdZK3e,Withdrawal,BTC,-0.02430900,$939.74678960192,approved / BTC withdrawal,$0.00,2022-03-11 18:26:38
NXTTrCDMlxSJH,Interest,BTC,0.00000325,$0.12,approved / BTC Interest Earned,$0.00,2022-03-11 07:00:06
NXTbId5Ihe5nZ,Interest,NEXONEXO,0.04150143,$0.08,approved / NEXO Interest Earned,$0.00,2022-03-11 07:00:06
NXTpWZxaBlhMk,Interest,NEXONEXO,0.04149374,$0.08,approved / NEXO Interest Earned,$0.00,2022-03-10 07:00:06
NXTCOHnsgnkmX,Interest,BTC,0.00000325,$0.12,approved / BTC Interest Earned,$0.00,2022-03-10 07:00:06
NXTtTrN17Cu87,Interest,NEXONEXO,0.04148605,$0.09,approved / NEXO Interest Earned,$0.00,2022-03-09 07:00:06
NXTpSUaKB0cdj,Interest,BTC,0.00000325,$0.13,approved / BTC Interest Earned,$0.00,2022-03-09 07:00:06
NXTlUt4sg4gpl,Interest,NEXONEXO,0.04147836,$0.08,approved / NEXO Interest Earned,$0.00,2022-03-08 07:00:06
NXT2XE11VvQfz,Interest,BTC,0.00000325,$0.12,approved / BTC Interest Earned,$0.00,2022-03-08 07:00:06
NXTavaoJCy0Mb,Interest,NEXONEXO,0.04147067,$0.07,approved / NEXO Interest Earned,$0.00,2022-03-07 07:00:06
NXTz77lBbotQf,Interest,BTC,0.00000325,$0.12,approved / BTC Interest Earned,$0.00,2022-03-07 07:00:06
NXTZk5hHL58xr,Interest,BTC,0.00000325,$0.12,approved / BTC Interest Earned,$0.00,2022-03-06 07:00:06
NXT6oG43RFalp,Interest,NEXONEXO,0.04146299,$0.08,approved / NEXO Interest Earned,$0.00,2022-03-06 07:00:06
NXTJ83r49aV5r,Interest,NEXONEXO,0.04145530,$0.08,approved / NEXO Interest Earned,$0.00,2022-03-05 07:00:06
NXTacposV4Hq6,Interest,BTC,0.00000325,$0.12,approved / BTC Interest Earned,$0.00,2022-03-05 07:00:06
NXTW0291oge05,Interest,NEXONEXO,0.04144762,$0.08,approved / NEXO Interest Earned,$0.00,2022-03-04 07:00:06
NXTv9FsKVw5uP,Interest,BTC,0.00000325,$0.13,approved / BTC Interest Earned,$0.00,2022-03-04 07:00:06
NXTCtA2qI5M5h,Interest,BTC,0.00000325,$0.14,approved / BTC Interest Earned,$0.00,2022-03-03 07:00:05
NXTYN9JbeYnJe,Interest,NEXONEXO,0.04143994,$0.08,approved / NEXO Interest Earned,$0.00,2022-03-03 07:00:05
NXTbtHtXrvEwg,Interest,BTC,0.00000325,$0.14,approved / BTC Interest Earned,$0.00,2022-03-02 07:00:06
NXTyrYCB1QR0E,Interest,NEXONEXO,0.04143225,$0.08,approved / NEXO Interest Earned,$0.00,2022-03-02 07:00:06
NXTiC6yZ1UGdI,Interest,BTC,0.00000324,$0.13,approved / BTC Interest Earned,$0.00,2022-03-01 07:00:06
NXTW9UqsmAD9G,Interest,NEXONEXO,0.04142457,$0.08,approved / NEXO Interest Earned,$0.00,2022-03-01 07:00:06
NXTFfbiVhGkVs,Interest,BTC,0.00000324,$0.12,approved / BTC Interest Earned,$0.00,2022-02-28 07:00:05
NXTDXDG6gOb9Z,Interest,NEXONEXO,0.04141690,$0.07,approved / NEXO Interest Earned,$0.00,2022-02-28 07:00:05
NXTebzpxtlxlK,Interest,BTC,0.00000324,$0.12,approved / BTC Interest Earned,$0.00,2022-02-27 07:00:06
NXTI0mreRtF56,Interest,NEXONEXO,0.04140922,$0.08,approved / NEXO Interest Earned,$0.00,2022-02-27 07:00:06
NXTrOnssaoVPC,Interest,BTC,0.00000324,$0.12,approved / BTC Interest Earned,$0.00,2022-02-26 07:00:06
NXTLzWCy2HqYB,Interest,NEXONEXO,0.04140155,$0.08,approved / NEXO Interest Earned,$0.00,2022-02-26 07:00:06
NXTlWO2oyA2KX,Interest,NEXONEXO,0.04139387,$0.07,approved / NEXO Interest Earned,$0.00,2022-02-25 07:00:06
NXTB3U5UaMuZl,Interest,BTC,0.00000324,$0.12,approved / BTC Interest Earned,$0.00,2022-02-25 07:00:06
NXTC6Gdr1tV9X,Interest,BTC,0.00000324,$0.11,approved / BTC Interest Earned,$0.00,2022-02-24 07:00:06
NXT9xsBS11LnE,Interest,NEXONEXO,0.04138620,$0.06,approved / NEXO Interest Earned,$0.00,2022-02-24 07:00:06
NXTwcwjaV4viw,Interest,NEXONEXO,0.04137853,$0.07,approved / NEXO Interest Earned,$0.00,2022-02-23 07:00:07
NXTzjhDlAHTx3,Interest,BTC,0.00000324,$0.12,approved / BTC Interest Earned,$0.00,2022-02-23 07:00:07
NXThjBXYbR8Fw,Interest,NEXONEXO,0.04137086,$0.07,approved / NEXO Interest Earned,$0.00,2022-02-22 07:00:08
NXTRsDWjpzoxJ,Interest,BTC,0.00000324,$0.11,approved / BTC Interest Earned,$0.00,2022-02-22 07:00:08
NXTELlPiTFACM,Interest,NEXONEXO,0.04136319,$0.08,approved / NEXO Interest Earned,$0.00,2022-02-21 07:00:08
NXTCnBQMpo9LP,Interest,BTC,0.00000324,$0.12,approved / BTC Interest Earned,$0.00,2022-02-21 07:00:08
NXTK6V8SipHfy,Interest,BTC,0.00000324,$0.12,approved / BTC Interest Earned,$0.00,2022-02-20 07:00:07
NXTHy6g3hx8Jf,Interest,NEXONEXO,0.04135552,$0.07,approved / NEXO Interest Earned,$0.00,2022-02-20 07:00:07
NXTHJ9VxQO4cq,Interest,NEXONEXO,0.04134786,$0.08,approved / NEXO Interest Earned,$0.00,2022-02-19 07:00:07
NXT7JIOVdfEQf,Interest,BTC,0.00000324,$0.13,approved / BTC Interest Earned,$0.00,2022-02-19 07:00:07
NXT7MS90hXbPq,Interest,NEXONEXO,0.04134019,$0.08,approved / NEXO Interest Earned,$0.00,2022-02-18 07:00:07
NXTSSZ6P93cIt,Interest,BTC,0.00000324,$0.13,approved / BTC Interest Earned,$0.00,2022-02-18 07:00:07
NXT0O34yoUHKH,Interest,BTC,0.00000324,$0.14,approved / BTC Interest Earned,$0.00,2022-02-17 07:00:08
NXTdk1Na5T5bp,Interest,NEXONEXO,0.04133253,$0.09,approved / NEXO Interest Earned,$0.00,2022-02-17 07:00:08
NXTbtXYRs5URN,Interest,NEXONEXO,0.04132487,$0.08,approved / NEXO Interest Earned,$0.00,2022-02-16 07:00:08
NXTichm4avaJd,Interest,BTC,0.00000324,$0.14,approved / BTC Interest Earned,$0.00,2022-02-16 07:00:08
NXTU5EduA7Aag,Interest,BTC,0.00000324,$0.14,approved / BTC Interest Earned,$0.00,2022-02-15 07:00:09
NXTXx4VTJIjT3,Interest,NEXONEXO,0.04131721,$0.08,approved / NEXO Interest Earned,$0.00,2022-02-15 07:00:09
NXTnxFDUIYpJ6,Interest,BTC,0.00000324,$0.13,approved / BTC Interest Earned,$0.00,2022-02-14 07:00:08
NXTUoFo9lN5dS,Interest,NEXONEXO,0.04130955,$0.08,approved / NEXO Interest Earned,$0.00,2022-02-14 07:00:08
NXT7kBZ8Lo8Mt,Interest,BTC,0.00000324,$0.13,approved / BTC Interest Earned,$0.00,2022-02-13 07:00:07
NXTeV2Kq7gmP4,Interest,NEXONEXO,0.04130190,$0.08,approved / NEXO Interest Earned,$0.00,2022-02-13 07:00:07
NXT9xNk8rEYdX,Interest,BTC,0.00000324,$0.13,approved / BTC Interest Earned,$0.00,2022-02-12 07:00:08
NXTaTFJ6jRJEM,Interest,NEXONEXO,0.04129424,$0.08,approved / NEXO Interest Earned,$0.00,2022-02-12 07:00:08
NXTCHO8IlOU5h,Interest,BTC,0.00000324,$0.13,approved / BTC Interest Earned,$0.00,2022-02-11 07:00:08
NXTGQnbivKhCy,Interest,NEXONEXO,0.04128659,$0.08,approved / NEXO Interest Earned,$0.00,2022-02-11 07:00:08
NXTTRBmQVWqwS,Interest,NEXONEXO,0.04127894,$0.09,approved / NEXO Interest Earned,$0.00,2022-02-10 07:00:05
NXTcU1MnLmyJv,Interest,BTC,0.00000324,$0.14,approved / BTC Interest Earned,$0.00,2022-02-10 07:00:05
NXTWGRvLCSIKr,Interest,NEXONEXO,0.04127128,$0.08,approved / NEXO Interest Earned,$0.00,2022-02-09 07:00:06
NXTQfptxGt9xy,Interest,BTC,0.00000324,$0.14,approved / BTC Interest Earned,$0.00,2022-02-09 07:00:06
NXT6j1ek13U12,Interest,BTC,0.00000324,$0.14,approved / BTC Interest Earned,$0.00,2022-02-08 07:00:06
NXTOogpThZily,Interest,NEXONEXO,0.04126364,$0.09,approved / NEXO Interest Earned,$0.00,2022-02-08 07:00:06
NXTXyG9t7dlo7,Interest,BTC,0.00000324,$0.13,approved / BTC Interest Earned,$0.00,2022-02-07 07:00:06
NXTveXM0jj8vw,Interest,NEXONEXO,0.04125599,$0.09,approved / NEXO Interest Earned,$0.00,2022-02-07 07:00:06
NXTIWERnONU9C,Interest,BTC,0.00000323,$0.13,approved / BTC Interest Earned,$0.00,2022-02-06 07:00:06
NXTgCVdv0SrH1,Interest,NEXONEXO,0.04124834,$0.09,approved / NEXO Interest Earned,$0.00,2022-02-06 07:00:06
NXTEJzUm6v5nA,Interest,BTC,0.00000323,$0.13,approved / BTC Interest Earned,$0.00,2022-02-05 07:00:06
NXTc0Ggtj0Suz,Interest,NEXONEXO,0.04124069,$0.09,approved / NEXO Interest Earned,$0.00,2022-02-05 07:00:06
NXTgHo7e9A94L,Interest,NEXONEXO,0.04123305,$0.08,approved / NEXO Interest Earned,$0.00,2022-02-04 07:00:06
NXTjk1gd3r84v,Interest,BTC,0.00000323,$0.12,approved / BTC Interest Earned,$0.00,2022-02-04 07:00:06
NXTVUr8FyH3wj,Interest,BTC,0.00000323,$0.11,approved / BTC Interest Earned,$0.00,2022-02-03 07:00:06
NXTGrPWVCRoCN,Interest,NEXONEXO,0.04122541,$0.08,approved / NEXO Interest Earned,$0.00,2022-02-03 07:00:06
NXTGFaYtupRPq,Interest,BTC,0.00000323,$0.12,approved / BTC Interest Earned,$0.00,2022-02-02 07:00:05
NXTPIQ9Gl5YnJ,Interest,NEXONEXO,0.04121777,$0.08,approved / NEXO Interest Earned,$0.00,2022-02-02 07:00:05
NXTXgSJFBBjPz,Interest,BTC,0.00000323,$0.12,approved / BTC Interest Earned,$0.00,2022-02-01 07:00:05
NXTS5qHrFcb36,Interest,NEXONEXO,0.04121013,$0.08,approved / NEXO Interest Earned,$0.00,2022-02-01 07:00:05
NXTYMsCiLG9gs,Interest,NEXONEXO,0.04120249,$0.07,approved / NEXO Interest Earned,$0.00,2022-01-31 07:00:05
NXTw39OpxLWoh,Interest,BTC,0.00000323,$0.11,approved / BTC Interest Earned,$0.00,2022-01-31 07:00:05
NXT2YGx7QfQdb,Interest,BTC,0.00000323,$0.12,approved / BTC Interest Earned,$0.00,2022-01-30 07:00:05
NXTwxevjV6IGi,Interest,NEXONEXO,0.04119485,$0.07,approved / NEXO Interest Earned,$0.00,2022-01-30 07:00:05
NXTQIkL69v5yW,Interest,NEXONEXO,0.04118722,$0.07,approved / NEXO Interest Earned,$0.00,2022-01-29 07:00:05
NXTZLZvT0BDLz,Interest,BTC,0.00000323,$0.12,approved / BTC Interest Earned,$0.00,2022-01-29 07:00:05
NXTnqSaLDM6BP,Interest,BTC,0.00000323,$0.12,approved / BTC Interest Earned,$0.00,2022-01-28 07:00:04
NXT0LVjgyJCZS,Interest,NEXONEXO,0.04117958,$0.07,approved / NEXO Interest Earned,$0.00,2022-01-28 07:00:04
NXTchwV1u7Kfb,Interest,BTC,0.00000323,$0.11,approved / BTC Interest Earned,$0.00,2022-01-27 07:00:04
NXTL8CKOMIRsS,Interest,NEXONEXO,0.04117195,$0.07,approved / NEXO Interest Earned,$0.00,2022-01-27 07:00:04
NXTEtM6qTdxAb,Interest,BTC,0.00000323,$0.12,approved / BTC Interest Earned,$0.00,2022-01-26 07:00:04
NXTu8xz51sjbm,Interest,NEXONEXO,0.04116432,$0.07,approved / NEXO Interest Earned,$0.00,2022-01-26 07:00:04
NXTDkh8yx81qy,Interest,BTC,0.00000323,$0.11,approved / BTC Interest Earned,$0.00,2022-01-25 07:00:05
NXTZUW2O0oxmw,Interest,NEXONEXO,0.04115669,$0.07,approved / NEXO Interest Earned,$0.00,2022-01-25 07:00:05
NXTM9OYIjA2VC,Interest,BTC,0.00000323,$0.11,approved / BTC Interest Earned,$0.00,2022-01-24 07:00:04
NXTkdAMNUhPpi,Interest,NEXONEXO,0.04114906,$0.07,approved / NEXO Interest Earned,$0.00,2022-01-24 07:00:04
NXTmcEbRi86do,Interest,BTC,0.00000323,$0.11,approved / BTC Interest Earned,$0.00,2022-01-23 07:00:04
NXTSsLzBptuxT,Interest,NEXONEXO,0.04114143,$0.07,approved / NEXO Interest Earned,$0.00,2022-01-23 07:00:04
NXTcCgiIrz730,Interest,BTC,0.00000323,$0.11,approved / BTC Interest Earned,$0.00,2022-01-22 07:00:04
NXTBiZ8YJJVz4,Interest,NEXONEXO,0.04113381,$0.07,approved / NEXO Interest Earned,$0.00,2022-01-22 07:00:04
NXTUdeCAO9hUV,Interest,NEXONEXO,0.04112618,$0.08,approved / NEXO Interest Earned,$0.00,2022-01-21 07:00:04
NXTiIKHctz4tG,Interest,BTC,0.00000323,$0.12,approved / BTC Interest Earned,$0.00,2022-01-21 07:00:04
NXTXL56ehIBWM,Interest,BTC,0.00000323,$0.13,approved / BTC Interest Earned,$0.00,2022-01-20 07:00:04
NXTQSNxuBRN25,Interest,NEXONEXO,0.04111856,$0.09,approved / NEXO Interest Earned,$0.00,2022-01-20 07:00:04
NXTkZGrS0avbn,Interest,BTC,0.00000323,$0.13,approved / BTC Interest Earned,$0.00,2022-01-19 07:00:04
NXT8W2vYfpdTB,Interest,NEXONEXO,0.04111094,$0.09,approved / NEXO Interest Earned,$0.00,2022-01-19 07:00:04
NXThfKU69NBdU,Interest,NEXONEXO,0.04110332,$0.09,approved / NEXO Interest Earned,$0.00,2022-01-18 07:00:04
NXTNCVyBiMcJZ,Interest,BTC,0.00000323,$0.13,approved / BTC Interest Earned,$0.00,2022-01-18 07:00:04
NXTgT5Wh6vheM,Interest,NEXONEXO,0.04109570,$0.09,approved / NEXO Interest Earned,$0.00,2022-01-17 07:00:03
NXTbKuWygzcBU,Interest,BTC,0.00000323,$0.13,approved / BTC Interest Earned,$0.00,2022-01-17 07:00:03
NXT091cxzj0JB,Interest,BTC,0.00000323,$0.13,approved / BTC Interest Earned,$0.00,2022-01-16 07:00:04
NXTkugoHsrIY8,Interest,NEXONEXO,0.04108809,$0.09,approved / NEXO Interest Earned,$0.00,2022-01-16 07:00:04
NXT3WdQcZ3GGh,Interest,BTC,0.00000323,$0.13,approved / BTC Interest Earned,$0.00,2022-01-15 07:00:04
NXTotBornE0WL,Interest,NEXONEXO,0.04108047,$0.09,approved / NEXO Interest Earned,$0.00,2022-01-15 07:00:04
NXTGPVqJUGgVh,Interest,NEXONEXO,0.04107286,$0.09,approved / NEXO Interest Earned,$0.00,2022-01-14 07:00:04
NXTc1xIKg9WqK,Interest,BTC,0.00000323,$0.13,approved / BTC Interest Earned,$0.00,2022-01-14 07:00:04
NXT2GCCPmuWiI,Interest,NEXONEXO,0.04106524,$0.09,approved / NEXO Interest Earned,$0.00,2022-01-13 07:00:04
NXTsLyX8YScaZ,Interest,BTC,0.00000322,$0.14,approved / BTC Interest Earned,$0.00,2022-01-13 07:00:04
NXTamR4I0CzrE,Interest,BTC,0.00000322,$0.13,approved / BTC Interest Earned,$0.00,2022-01-12 07:00:03
NXT1QLJz69g4w,Interest,NEXONEXO,0.04105763,$0.09,approved / NEXO Interest Earned,$0.00,2022-01-12 07:00:03
NXTiccCjCM9lm,Interest,BTC,0.00000322,$0.13,approved / BTC Interest Earned,$0.00,2022-01-11 07:00:04
NXTYHhUzloMGv,Interest,NEXONEXO,0.04105002,$0.08,approved / NEXO Interest Earned,$0.00,2022-01-11 07:00:04
NXTXBLka1uAu0,Interest,BTC,0.00000322,$0.13,approved / BTC Interest Earned,$0.00,2022-01-10 07:00:04
NXT3uSX4UFfPI,Interest,NEXONEXO,0.04104241,$0.08,approved / NEXO Interest Earned,$0.00,2022-01-10 07:00:04
NXTgStAgr5N0C,Interest,NEXONEXO,0.04103481,$0.08,approved / NEXO Interest Earned,$0.00,2022-01-09 07:00:05
NXTdHATgzXijB,Interest,BTC,0.00000322,$0.13,approved / BTC Interest Earned,$0.00,2022-01-09 07:00:05
NXTobier1aUez,Interest,NEXONEXO,0.04102720,$0.08,approved / NEXO Interest Earned,$0.00,2022-01-08 07:00:04
NXTBjvN8ZlsoL,Interest,BTC,0.00000322,$0.13,approved / BTC Interest Earned,$0.00,2022-01-08 07:00:04
NXTrl55NLpIVL,Interest,NEXONEXO,0.04101960,$0.08,approved / NEXO Interest Earned,$0.00,2022-01-07 07:00:05
NXTEhLdyRWyUF,Interest,BTC,0.00000322,$0.13,approved / BTC Interest Earned,$0.00,2022-01-07 07:00:05
NXTYWVBxOWlt1,Interest,NEXONEXO,0.04101199,$0.09,approved / NEXO Interest Earned,$0.00,2022-01-06 07:00:04
NXTiIGfynZGu4,Interest,BTC,0.00000322,$0.13,approved / BTC Interest Earned,$0.00,2022-01-06 07:00:04
NXTY5BsEyfBc7,Interest,BTC,0.00000322,$0.14,approved / BTC Interest Earned,$0.00,2022-01-05 07:00:05
NXT6hwEMiGeH2,Interest,NEXONEXO,0.04100439,$0.1,approved / NEXO Interest Earned,$0.00,2022-01-05 07:00:05
NXTUwu6dzUjuv,Interest,BTC,0.00000322,$0.14,approved / BTC Interest Earned,$0.00,2022-01-04 07:00:04
NXTPSamly8Ne2,Interest,NEXONEXO,0.04099679,$0.1,approved / NEXO Interest Earned,$0.00,2022-01-04 07:00:04
NXTPysEMxo6bf,Interest,NEXONEXO,0.04098919,$0.11,approved / NEXO Interest Earned,$0.00,2022-01-03 07:00:05
NXTZzObA6SmpO,Interest,BTC,0.00000322,$0.15,approved / BTC Interest Earned,$0.00,2022-01-03 07:00:05
NXT548rzjXyJb,Interest,NEXONEXO,0.04098159,$0.1,approved / NEXO Interest Earned,$0.00,2022-01-02 07:00:05
NXTJFohQLg1BU,Interest,BTC,0.00000322,$0.15,approved / BTC Interest Earned,$0.00,2022-01-02 07:00:05
NXTp9nZQRkMPH,Interest,NEXONEXO,0.04097400,$0.09,approved / NEXO Interest Earned,$0.00,2022-01-01 07:00:05
NXTPdcWuvjgjM,Interest,BTC,0.00000322,$0.15,approved / BTC Interest Earned,$0.00,2022-01-01 07:00:05
NXTHkKX7BLLbE,Interest,NEXONEXO,0.04096640,$0.09,approved / NEXO Interest Earned,$0.00,2021-12-31 07:00:05
NXTGV48psC8W4,Interest,BTC,0.00000322,$0.15,approved / BTC Interest Earned,$0.00,2021-12-31 07:00:05
NXThMVTI6bKLR,Interest,NEXONEXO,0.04095881,$0.09,approved / NEXO Interest Earned,$0.00,2021-12-30 07:00:04
NXTjBaKcnBfvx,Interest,BTC,0.00000322,$0.15,approved / BTC Interest Earned,$0.00,2021-12-30 07:00:04
NXTg0Nope1Vao,Interest,BTC,0.00000322,$0.15,approved / BTC Interest Earned,$0.00,2021-12-29 07:00:05
NXTtBY8kgcWaD,Interest,NEXONEXO,0.04095122,$0.09,approved / NEXO Interest Earned,$0.00,2021-12-29 07:00:05
NXT6zCafkEn1W,Interest,BTC,0.00000322,$0.15,approved / BTC Interest Earned,$0.00,2021-12-28 07:00:05
NXTK5oCICABRo,Interest,NEXONEXO,0.04094363,$0.09,approved / NEXO Interest Earned,$0.00,2021-12-28 07:00:05
NXTxoR0FmwkTF,Interest,NEXONEXO,0.04093604,$0.1,approved / NEXO Interest Earned,$0.00,2021-12-27 07:00:05
NXT6PUoITVeyF,Interest,BTC,0.00000322,$0.16,approved / BTC Interest Earned,$0.00,2021-12-27 07:00:05
NXTaIMeAXegpL,Interest,BTC,0.00000322,$0.16,approved / BTC Interest Earned,$0.00,2021-12-26 07:00:04
NXTiiZ2OjLCfE,Interest,NEXONEXO,0.04092845,$0.09,approved / NEXO Interest Earned,$0.00,2021-12-26 07:00:04
NXTTwAPJrQZZ2,Interest,NEXONEXO,0.04092087,$0.09,approved / NEXO Interest Earned,$0.00,2021-12-25 07:00:04
NXTPNnseovcbW,Interest,BTC,0.00000322,$0.16,approved / BTC Interest Earned,$0.00,2021-12-25 07:00:04
NXTOvNWYX9KXr,Interest,NEXONEXO,0.04091328,$0.09,approved / NEXO Interest Earned,$0.00,2021-12-24 07:00:04
NXTayeta8PE3R,Interest,BTC,0.00000322,$0.16,approved / BTC Interest Earned,$0.00,2021-12-24 07:00:04
NXTIvFtGTnclG,Interest,BTC,0.00000322,$0.15,approved / BTC Interest Earned,$0.00,2021-12-23 07:00:04
NXT2pWzfyk8Fx,Interest,NEXONEXO,0.04090570,$0.09,approved / NEXO Interest Earned,$0.00,2021-12-23 07:00:04
NXTTOtCdhrwku,Interest,NEXONEXO,0.04089812,$0.09,approved / NEXO Interest Earned,$0.00,2021-12-22 07:00:04
NXTz3b0fLwcq9,Interest,BTC,0.00000322,$0.15,approved / BTC Interest Earned,$0.00,2021-12-22 07:00:04
NXTOkttNKwoZI,Interest,NEXONEXO,0.04089054,$0.08,approved / NEXO Interest Earned,$0.00,2021-12-21 07:00:05
NXTiUN16bVWlq,Interest,BTC,0.00000321,$0.15,approved / BTC Interest Earned,$0.00,2021-12-21 07:00:05
NXT8gGPE1LOPg,Interest,NEXONEXO,0.04088296,$0.08,approved / NEXO Interest Earned,$0.00,2021-12-20 07:00:05
NXTx65JDHeNpf,Interest,BTC,0.00000321,$0.14,approved / BTC Interest Earned,$0.00,2021-12-20 07:00:05
NXTC7JsnJQZ9Y,Interest,NEXONEXO,0.04087538,$0.09,approved / NEXO Interest Earned,$0.00,2021-12-19 07:00:05
NXTc0YFcX3iCn,Interest,BTC,0.00000321,$0.15,approved / BTC Interest Earned,$0.00,2021-12-19 07:00:05
NXTjaLxGd9G2O,Interest,NEXONEXO,0.04086780,$0.09,approved / NEXO Interest Earned,$0.00,2021-12-18 07:00:04
NXTsdBXdTPNPr,Interest,BTC,0.00000321,$0.14,approved / BTC Interest Earned,$0.00,2021-12-18 07:00:04
NXT7OaUZny41j,Interest,BTC,0.00000321,$0.15,approved / BTC Interest Earned,$0.00,2021-12-17 07:00:05
NXT03SK9mUCdR,Interest,NEXONEXO,0.04086023,$0.09,approved / NEXO Interest Earned,$0.00,2021-12-17 07:00:05
NXTImKapoVOC8,Interest,NEXONEXO,0.04085266,$0.09,approved / NEXO Interest Earned,$0.00,2021-12-16 07:00:05
NXTO2YHHSBPHt,Interest,BTC,0.00000321,$0.15,approved / BTC Interest Earned,$0.00,2021-12-16 07:00:05
NXTLnc270gs8B,Interest,NEXONEXO,0.04084508,$0.09,approved / NEXO Interest Earned,$0.00,2021-12-15 07:00:04
NXTHDVWEeeldm,Interest,BTC,0.00000321,$0.15,approved / BTC Interest Earned,$0.00,2021-12-15 07:00:04
NXTa4vzHOwbus,Interest,NEXONEXO,0.04083751,$0.08,approved / NEXO Interest Earned,$0.00,2021-12-14 07:00:05
NXT6428FKuPHF,Interest,BTC,0.00000321,$0.14,approved / BTC Interest Earned,$0.00,2021-12-14 07:00:05
NXT8H9iE1i2z3,Interest,BTC,0.00000321,$0.15,approved / BTC Interest Earned,$0.00,2021-12-13 07:00:05
NXT369zQKdUTx,Interest,NEXONEXO,0.04082994,$0.09,approved / NEXO Interest Earned,$0.00,2021-12-13 07:00:05
NXT6MvHPauqyX,Interest,NEXONEXO,0.04082238,$0.09,approved / NEXO Interest Earned,$0.00,2021-12-12 07:00:04
NXTIUlMjmqN3E,Interest,BTC,0.00000321,$0.15,approved / BTC Interest Earned,$0.00,2021-12-12 07:00:04
NXTEJgIGVlcZj,Interest,NEXONEXO,0.04081481,$0.09,approved / NEXO Interest Earned,$0.00,2021-12-11 07:00:04
NXTTuogRZzRAL,Interest,BTC,0.00000321,$0.15,approved / BTC Interest Earned,$0.00,2021-12-11 07:00:04
NXT0H2XtPyK4h,Interest,NEXONEXO,0.04080725,$0.08,approved / NEXO Interest Earned,$0.00,2021-12-10 07:00:04
NXTF6QJKeHHzV,Interest,BTC,0.00000321,$0.15,approved / BTC Interest Earned,$0.00,2021-12-10 07:00:04
NXT07AWPDgk9Y,Interest,NEXONEXO,0.04079968,$0.09,approved / NEXO Interest Earned,$0.00,2021-12-09 07:00:05
NXToqJ1SoHXLK,Interest,BTC,0.00000321,$0.15,approved / BTC Interest Earned,$0.00,2021-12-09 07:00:05
NXTD7XofxnyeV,Interest,BTC,0.00000321,$0.16,approved / BTC Interest Earned,$0.00,2021-12-08 07:00:05
NXTJbHuBb63IX,Interest,NEXONEXO,0.04079212,$0.09,approved / NEXO Interest Earned,$0.00,2021-12-08 07:00:05
NXTwD4CbnpQ44,Interest,BTC,0.00000321,$0.16,approved / BTC Interest Earned,$0.00,2021-12-07 07:00:05
NXThKri5INz72,Interest,NEXONEXO,0.04078456,$0.1,approved / NEXO Interest Earned,$0.00,2021-12-07 07:00:05
NXTHlgZpxN61n,Interest,BTC,0.00000321,$0.15,approved / BTC Interest Earned,$0.00,2021-12-06 07:00:04
NXTheuwfB0F52,Interest,NEXONEXO,0.04077700,$0.09,approved / NEXO Interest Earned,$0.00,2021-12-06 07:00:04
NXTFTToXilE4e,Interest,BTC,0.00000321,$0.15,approved / BTC Interest Earned,$0.00,2021-12-05 07:00:04
NXTNzyuHoeW0X,Interest,NEXONEXO,0.04076944,$0.09,approved / NEXO Interest Earned,$0.00,2021-12-05 07:00:04
NXTuEpKLmpJJY,Interest,BTC,0.00000321,$0.15,approved / BTC Interest Earned,$0.00,2021-12-04 07:00:04
NXTfwRIsep0rs,Interest,NEXONEXO,0.04076188,$0.09,approved / NEXO Interest Earned,$0.00,2021-12-04 07:00:04
NXTUPb79udxFx,Interest,BTC,0.00000321,$0.18,approved / BTC Interest Earned,$0.00,2021-12-03 07:00:04
NXTLJwnhnFMqG,Interest,NEXONEXO,0.04075433,$0.1,approved / NEXO Interest Earned,$0.00,2021-12-03 07:00:04
NXTM9NEEPirP7,Interest,BTC,0.00000321,$0.18,approved / BTC Interest Earned,$0.00,2021-12-02 07:00:04
NXTDzfhzHBgIn,Interest,NEXONEXO,0.04074678,$0.1,approved / NEXO Interest Earned,$0.00,2021-12-02 07:00:04
NXTbTZcx8fELJ,Interest,BTC,0.00000321,$0.18,approved / BTC Interest Earned,$0.00,2021-12-01 07:00:05
NXTCVDJSwIB66,Interest,NEXONEXO,0.04073922,$0.11,approved / NEXO Interest Earned,$0.00,2021-12-01 07:00:05
NXTLYQlPhl8WI,Interest,BTC,0.00000320,$0.18003423456,approved / BTC Interest Earned,$0.00,2021-11-30 07:00:04
NXT4Ltenixq2V,Interest,NEXONEXO,0.04073166,$0.1046604076866,approved / NEXO Interest Earned,$0.00,2021-11-30 07:00:04
NXTBxFJRMs2BX,Interest,NEXONEXO,0.04072411,$0.10259926390714,approved / NEXO Interest Earned,$0.00,2021-11-29 07:00:04
NXTlK0J5crBzN,Interest,BTC,0.00000320,$0.1835214625216,approved / BTC Interest Earned,$0.00,2021-11-29 07:00:04
NXT9P6uOYBPue,Interest,NEXONEXO,0.04071656,$0.10030235468424,approved / NEXO Interest Earned,$0.00,2021-11-28 07:00:04
NXTzje7t3Lgzb,Interest,BTC,0.00000320,$0.1739113675072,approved / BTC Interest Earned,$0.00,2021-11-28 07:00:04
NXTqzkjiDn7nN,Interest,NEXONEXO,0.04070901,$0.09978474475071,approved / NEXO Interest Earned,$0.00,2021-11-27 07:00:04
NXTHovtkQHg9z,Interest,BTC,0.00000320,$0.1736783522112,approved / BTC Interest Earned,$0.00,2021-11-27 07:00:04
NXTwgO4qcq2HR,Interest,BTC,0.00000320,$0.1849009339808,approved / BTC Interest Earned,$0.00,2021-11-26 07:00:04
NXTFmYl5stIur,Interest,NEXONEXO,0.04070147,$0.10717120346288,approved / NEXO Interest Earned,$0.00,2021-11-26 07:00:04
NXT8RiR8tl1xZ,Interest,BTC,0.00000320,$0.1827523562272,approved / BTC Interest Earned,$0.00,2021-11-25 07:00:05
NXTe4gFxEIYVv,Interest,NEXONEXO,0.04069392,$0.10962490345488,approved / NEXO Interest Earned,$0.00,2021-11-25 07:00:05
NXT5lXLMrKU3n,Interest,BTC,0.00000320,$0.18092192488,approved / BTC Interest Earned,$0.00,2021-11-24 07:00:05
NXTIGaUicHaRq,Interest,NEXONEXO,0.04068638,$0.11110022286062,approved / NEXO Interest Earned,$0.00,2021-11-24 07:00:05
NXTRn3xO6iXjd,Interest,NEXONEXO,0.04067884,$0.10808831526776,approved / NEXO Interest Earned,$0.00,2021-11-23 01:00:04
NXT4c2W1HOgY3,Interest,BTC,0.00000320,$0.179778893456,approved / BTC Interest Earned,$0.00,2021-11-23 01:00:04
NXTZ4KkVBXqTb,Interest,NEXONEXO,0.04067130,$0.120231683634,approved / NEXO Interest Earned,$0.00,2021-11-22 01:00:05
NXT1fm2mnUHOV,Interest,BTC,0.00000320,$0.1876831323392,approved / BTC Interest Earned,$0.00,2021-11-22 01:00:05
NXTp5HGcdkZlH,Interest,NEXONEXO,0.04066376,$0.12594717256408,approved / NEXO Interest Earned,$0.00,2021-11-21 01:00:05
NXTmmgdkTvrlP,Interest,BTC,0.00000320,$0.1910696602944,approved / BTC Interest Earned,$0.00,2021-11-21 01:00:05
NXTd8UQT6BnAy,Interest,NEXONEXO,0.04065623,$0.1273430370437,approved / NEXO Interest Earned,$0.00,2021-11-20 01:00:05
NXTaBWcEyGK6d,Interest,BTC,0.00000320,$0.18564485752,approved / BTC Interest Earned,$0.00,2021-11-20 01:00:05
NXTpoL4AlFGVe,Interest,NEXONEXO,0.04064869,$0.12096940392537,approved / NEXO Interest Earned,$0.00,2021-11-19 01:00:05
NXTVGxpxjZ4cc,Interest,BTC,0.00000320,$0.1822206742048,approved / BTC Interest Earned,$0.00,2021-11-19 01:00:05
NXTT7mU9nRCBy,Interest,BTC,0.00000320,$0.1930256754272,approved / BTC Interest Earned,$0.00,2021-11-18 01:00:03
NXTUWAJ2HvePM,Interest,NEXONEXO,0.04064116,$0.1352245188448,approved / NEXO Interest Earned,$0.00,2021-11-18 01:00:03
NXToe741EbbFs,Interest,BTC,0.00000320,$0.193155991488,approved / BTC Interest Earned,$0.00,2021-11-17 01:00:03
NXT3moQWnCMwT,Interest,NEXONEXO,0.04063362,$0.13494799031304,approved / NEXO Interest Earned,$0.00,2021-11-17 01:00:03
NXTuvXay5pi8u,Interest,BTC,0.00000319,$0.20272581455115,approved / BTC Interest Earned,$0.00,2021-11-16 01:00:04
NXTnCX7B9OQPi,Interest,NEXONEXO,0.04062609,$0.13976089979184,approved / NEXO Interest Earned,$0.00,2021-11-16 01:00:04
NXTne5EKquUdf,Interest,BTC,0.00000319,$0.20889726828839,approved / BTC Interest Earned,$0.00,2021-11-15 01:00:04
NXTK8R83ZdnwH,Interest,NEXONEXO,0.04061856,$0.13261504912128,approved / NEXO Interest Earned,$0.00,2021-11-15 01:00:04
NXT55immaDQ5R,Interest,NEXONEXO,0.04061103,$0.12999403892262,approved / NEXO Interest Earned,$0.00,2021-11-14 01:00:03
NXThzG3iLZBSy,Interest,BTC,0.00000319,$0.20540818407725,approved / BTC Interest Earned,$0.00,2021-11-14 01:00:03
NXTOjeGaZ8HR5,Interest,BTC,0.00000319,$0.20455372150092,approved / BTC Interest Earned,$0.00,2021-11-13 01:00:04
NXTy6PGEp7REv,Interest,NEXONEXO,0.04060351,$0.13532674821933,approved / NEXO Interest Earned,$0.00,2021-11-13 01:00:04
NXTGP1P4KwfxA,Interest,BTC,0.00000319,$0.20663049162096,approved / BTC Interest Earned,$0.00,2021-11-12 01:00:03
NXTU6WDc7uWO9,Interest,NEXONEXO,0.04059598,$0.1389490786254,approved / NEXO Interest Earned,$0.00,2021-11-12 01:00:03
NXT84eIMr1R10,Interest,BTC,0.00000319,$0.20678594408197,approved / BTC Interest Earned,$0.00,2021-11-11 01:00:04
NXT0XZyGN3rSG,Interest,NEXONEXO,0.04058846,$0.1323005206776,approved / NEXO Interest Earned,$0.00,2021-11-11 01:00:04
NXTffBFPzdw9n,Interest,BTC,0.00000319,$0.21347407856236,approved / BTC Interest Earned,$0.00,2021-11-10 01:00:04
NXTyKetD3bJQ5,Interest,NEXONEXO,0.04058093,$0.13744643306303,approved / NEXO Interest Earned,$0.00,2021-11-10 01:00:04
NXT9Xf0qWLxZz,Interest,NEXONEXO,0.04057341,$0.13445415415509,approved / NEXO Interest Earned,$0.00,2021-11-09 01:00:04
NXTIf3JVxHhWZ,Interest,BTC,0.00000319,$0.21538209726451,approved / BTC Interest Earned,$0.00,2021-11-09 01:00:04
NXTxz6FzWsDU4,Interest,NEXONEXO,0.04056589,$0.12798643766314,approved / NEXO Interest Earned,$0.00,2021-11-08 01:00:04
NXTbceARobg0W,Interest,BTC,0.00000319,$0.20186562216381,approved / BTC Interest Earned,$0.00,2021-11-08 01:00:04
NXTAmU4mv8tM7,Interest,NEXONEXO,0.04055837,$0.12435893845964,approved / NEXO Interest Earned,$0.00,2021-11-07 01:00:04
NXTc8eynDw7Br,Interest,BTC,0.00000319,$0.19898555342127,approved / BTC Interest Earned,$0.00,2021-11-07 01:00:04
NXTBbIyZAEPDj,Interest,NEXONEXO,0.04055085,$0.12016729401705,approved / NEXO Interest Earned,$0.00,2021-11-06 01:00:04
NXTjI6XTuySZH,Interest,BTC,0.00000319,$0.19818188512243,approved / BTC Interest Earned,$0.00,2021-11-06 01:00:04
NXTOg0eOozMmv,Interest,BTC,0.00000319,$0.19894555867824,approved / BTC Interest Earned,$0.00,2021-11-05 01:00:04
NXTwbZ65JLbL9,Interest,NEXONEXO,0.04054334,$0.12583975662222,approved / NEXO Interest Earned,$0.00,2021-11-05 01:00:04
NXTSLKvBQOSgq,Interest,NEXONEXO,0.04053582,$0.12284205946974,approved / NEXO Interest Earned,$0.00,2021-11-04 01:00:04
NXT97mnYIX6S5,Interest,BTC,0.00000319,$0.20134908568841,approved / BTC Interest Earned,$0.00,2021-11-04 01:00:04
NXTjyRQC1xlUy,Interest,BTC,0.00000319,$0.20177917420056,approved / BTC Interest Earned,$0.00,2021-11-03 01:00:04
NXTAUIz9uAW5n,Interest,NEXONEXO,0.04052831,$0.12959924118926,approved / NEXO Interest Earned,$0.00,2021-11-03 01:00:04
NXTga77IjmOdm,Interest,BTC,0.00000319,$0.19422981921178,approved / BTC Interest Earned,$0.00,2021-11-02 01:00:04
NXT38VMWuWeHm,Interest,NEXONEXO,0.04052080,$0.1166763614152,approved / NEXO Interest Earned,$0.00,2021-11-02 01:00:04
NXTkrPKsdpG3j,Interest,BTC,0.00000319,$0.19558342526063,approved / BTC Interest Earned,$0.00,2021-11-01 01:00:03
NXT8jcggiOLM0,Interest,NEXONEXO,0.04051329,$0.11170976582769,approved / NEXO Interest Earned,$0.00,2021-11-01 01:00:03
NXTmhSi6mvV9g,Interest,NEXONEXO,0.04050578,$0.1105896906716,approved / NEXO Interest Earned,$0.00,2021-10-31 01:00:03
NXTx47P3X0SBQ,Interest,BTC,0.00000319,$0.19619582577859,approved / BTC Interest Earned,$0.00,2021-10-31 01:00:03
NXT0txJj0AKay,Interest,BTC,0.00000319,$0.19880164162089,approved / BTC Interest Earned,$0.00,2021-10-30 01:00:03
NXT1b9EAFPYhf,Interest,NEXONEXO,0.04049827,$0.11344302495514,approved / NEXO Interest Earned,$0.00,2021-10-30 01:00:03
NXTrdh8PVvXfk,Interest,NEXONEXO,0.04049076,$0.11618770944012,approved / NEXO Interest Earned,$0.00,2021-10-29 01:00:03
NXTEC5NdgfnJk,Interest,BTC,0.00000319,$0.19314581778976,approved / BTC Interest Earned,$0.00,2021-10-29 01:00:03
NXTn8F951C8y0,Interest,NEXONEXO,0.04048326,$0.11521276703136,approved / NEXO Interest Earned,$0.00,2021-10-28 01:00:04
NXTDq2rjLsbjH,Interest,BTC,0.00000319,$0.18732283307793,approved / BTC Interest Earned,$0.00,2021-10-28 01:00:04
NXTDj70WNpDUy,Interest,NEXONEXO,0.04047576,$0.11590472682984,approved / NEXO Interest Earned,$0.00,2021-10-27 01:00:03
NXTV0CpQxI8Xs,Interest,BTC,0.00000319,$0.19222030163831,approved / BTC Interest Earned,$0.00,2021-10-27 01:00:03
NXTal4X1O7WUS,Interest,NEXONEXO,0.04046825,$0.110511506465,approved / NEXO Interest Earned,$0.00,2021-10-26 01:00:04
NXTg2MxKzOr5Y,Interest,BTC,0.00000319,$0.20102299334546,approved / BTC Interest Earned,$0.00,2021-10-26 01:00:04
NXTIduv1W6KMD,Interest,NEXONEXO,0.04046075,$0.10884698366025,approved / NEXO Interest Earned,$0.00,2021-10-25 01:00:03
NXT2dpTbZJlvM,Interest,BTC,0.00000319,$0.19433465492199,approved / BTC Interest Earned,$0.00,2021-10-25 01:00:03
NXTGUbFamno2Q,Interest,NEXONEXO,0.04045325,$0.11095197829325,approved / NEXO Interest Earned,$0.00,2021-10-24 01:00:03
NXTHh2umooY5M,Interest,BTC,0.00000318,$0.19398531091164,approved / BTC Interest Earned,$0.00,2021-10-24 01:00:03
NXTlpjUrk69Pw,Interest,BTC,0.00000318,$0.19293869772054,approved / BTC Interest Earned,$0.00,2021-10-23 01:00:03
NXTYi39NKZRUJ,Interest,NEXONEXO,0.04044576,$0.0939389177184,approved / NEXO Interest Earned,$0.00,2021-10-23 01:00:03
NXTpOf31YRDc8,Interest,BTC,0.00000318,$0.1987524638799,approved / BTC Interest Earned,$0.00,2021-10-22 01:00:04
NXTFAVySuGH42,Interest,NEXONEXO,0.04043826,$0.09123004902258,approved / NEXO Interest Earned,$0.00,2021-10-22 01:00:04
NXTREi8mzUCkk,Interest,NEXONEXO,0.04043076,$0.0824955291654,approved / NEXO Interest Earned,$0.00,2021-10-21 01:00:04
NXTnHqdGNSwSV,Interest,BTC,0.00000318,$0.20957120419518,approved / BTC Interest Earned,$0.00,2021-10-21 01:00:04
NXTh9FwHecuKh,Interest,BTC,0.00000318,$0.20377031657472,approved / BTC Interest Earned,$0.00,2021-10-20 01:00:03
NXTu2BP0KXR3e,Interest,NEXONEXO,0.04042327,$0.0730860806254,approved / NEXO Interest Earned,$0.00,2021-10-20 01:00:03
NXTBxORaVcaF5,Interest,BTC,0.00000318,$0.19744686267702,approved / BTC Interest Earned,$0.00,2021-10-19 01:00:03
NXTIYVyU0ikUS,Interest,NEXONEXO,0.04041578,$0.06957552277532,approved / NEXO Interest Earned,$0.00,2021-10-19 01:00:03
NXTjGsiVCFdHN,Interest,NEXONEXO,0.04040829,$0.0680600869299,approved / NEXO Interest Earned,$0.00,2021-10-18 01:00:04
NXTb7BCG3iSB3,Interest,BTC,0.00000318,$0.19483464538062,approved / BTC Interest Earned,$0.00,2021-10-18 01:00:04
NXTz9tz5No9am,Interest,BTC,0.00000318,$0.19332396651834,approved / BTC Interest Earned,$0.00,2021-10-17 01:00:03
NXTHRVJVWo6WA,Interest,NEXONEXO,0.04040080,$0.0704091810136,approved / NEXO Interest Earned,$0.00,2021-10-17 01:00:03
NXTJsheTlDAAZ,Interest,BTC,0.00000318,$0.19507240798314,approved / BTC Interest Earned,$0.00,2021-10-16 01:00:03
NXTIhzyV2jZeW,Interest,NEXONEXO,0.04039331,$0.07061384762967,approved / NEXO Interest Earned,$0.00,2021-10-16 01:00:03
NXT6fdOlvRiK4,Interest,BTC,0.00000318,$0.18326708338764,approved / BTC Interest Earned,$0.00,2021-10-15 01:00:03
NXTX47WLvqNJY,Interest,NEXONEXO,0.04038582,$0.07017371427306,approved / NEXO Interest Earned,$0.00,2021-10-15 01:00:03
NXTnwPorrvV44,Interest,BTC,0.00000318,$0.18244953792222,approved / BTC Interest Earned,$0.00,2021-10-14 01:00:03
NXTDRlsKAbDmP,Interest,NEXONEXO,0.04037834,$0.06980005781934,approved / NEXO Interest Earned,$0.00,2021-10-14 01:00:03
NXTcGuXEgXbtU,Interest,NEXONEXO,0.04037085,$0.06738011940465,approved / NEXO Interest Earned,$0.00,2021-10-13 01:00:03
NXTAp6B3pTRzI,Interest,BTC,0.00000318,$0.17929536658182,approved / BTC Interest Earned,$0.00,2021-10-13 01:00:03
NXTymnJvgjRz9,Interest,BTC,0.00000318,$0.18189682614174,approved / BTC Interest Earned,$0.00,2021-10-12 01:00:03
NXT7pcuIWzZMc,Interest,NEXONEXO,0.04036337,$0.07070334469127,approved / NEXO Interest Earned,$0.00,2021-10-12 01:00:03
NXTsqCVEOuzM6,Interest,BTC,0.00000318,$0.1745446354929,approved / BTC Interest Earned,$0.00,2021-10-11 01:00:04
NXTYsdk4kfvyQ,Interest,NEXONEXO,0.04035589,$0.07076865368646,approved / NEXO Interest Earned,$0.00,2021-10-11 01:00:04
NXTCTQRB7acOm,Interest,BTC,0.00000318,$0.17452838227122,approved / BTC Interest Earned,$0.00,2021-10-10 01:00:04
NXTPTjLHfJEj4,Interest,NEXONEXO,0.04034841,$0.07188315366801,approved / NEXO Interest Earned,$0.00,2021-10-10 01:00:04
NXTgzE4Aj2YQz,Interest,NEXONEXO,0.04034093,$0.07119827213002,approved / NEXO Interest Earned,$0.00,2021-10-09 01:00:03
NXTgrqcmrESpe,Interest,BTC,0.00000318,$0.17198672463378,approved / BTC Interest Earned,$0.00,2021-10-09 01:00:03
NXTcA0gjO2UCF,Interest,NEXONEXO,0.04033345,$0.068888725931,approved / NEXO Interest Earned,$0.00,2021-10-08 01:00:03
NXTmuXh334rYt,Interest,BTC,0.00000318,$0.17135658917388,approved / BTC Interest Earned,$0.00,2021-10-08 01:00:03
NXTciOR7YWWeb,Interest,NEXONEXO,0.04032598,$0.07029737746344,approved / NEXO Interest Earned,$0.00,2021-10-07 01:00:04
NXTAxGTsNAYyc,Interest,BTC,0.00000318,$0.17532686484822,approved / BTC Interest Earned,$0.00,2021-10-07 01:00:04
NXTjvdRebROxr,Interest,BTC,0.00000318,$0.16327114014258,approved / BTC Interest Earned,$0.00,2021-10-06 01:00:03
NXTzxSsHrl6vb,Interest,NEXONEXO,0.04031850,$0.070055490312,approved / NEXO Interest Earned,$0.00,2021-10-06 01:00:03
NXTITT6gV1SW0,Interest,NEXONEXO,0.04031103,$0.06631873909128,approved / NEXO Interest Earned,$0.00,2021-10-05 01:00:04
NXTpH8bTY2ZaP,Interest,BTC,0.00000318,$0.15554033940606,approved / BTC Interest Earned,$0.00,2021-10-05 01:00:04
NXTV2TEir22Nk,Interest,NEXONEXO,0.04030356,$0.06602928204444,approved / NEXO Interest Earned,$0.00,2021-10-04 01:00:03
NXTSM0ITmFu2y,Interest,BTC,0.00000318,$0.15251353863132,approved / BTC Interest Earned,$0.00,2021-10-04 01:00:03
NXTkvtzpeG2Aw,Interest,BTC,0.00000318,$0.15280068939726,approved / BTC Interest Earned,$0.00,2021-10-03 01:00:03
NXTkJGngzgQdM,Interest,NEXONEXO,0.04029609,$0.0642907997514,approved / NEXO Interest Earned,$0.00,2021-10-03 01:00:03
NXTFjQyO7rjO5,Interest,BTC,0.00000318,$0.15250656972492,approved / BTC Interest Earned,$0.00,2021-10-02 01:00:03
NXTAPJozFRvkl,Interest,NEXONEXO,0.04028862,$0.06392929730946,approved / NEXO Interest Earned,$0.00,2021-10-02 01:00:03
NXTzvBSg8TT7m,Interest,BTC,0.00000318,$0.13909808512554,approved / BTC Interest Earned,$0.00,2021-10-01 01:00:03
NXTiPKkzpOMsC,Interest,NEXONEXO,0.04028115,$0.0587096955627,approved / NEXO Interest Earned,$0.00,2021-10-01 01:00:03
NXTRkQ8JmI1DU,Interest,BTC,0.00000317,$0.13111705357935,approved / BTC Interest Earned,$0.00,2021-09-30 01:00:03
NXTxjWHHiFoZr,Interest,NEXONEXO,0.04027369,$0.05630821666291,approved / NEXO Interest Earned,$0.00,2021-09-30 01:00:03
NXTTvaoQXl4wQ,Interest,NEXONEXO,0.04026622,$0.0567860407483,approved / NEXO Interest Earned,$0.00,2021-09-29 01:00:03
NXTXNoNPSS3x0,Interest,BTC,0.00000317,$0.13192689860207,approved / BTC Interest Earned,$0.00,2021-09-29 01:00:03
NXTUqQMO2Tc4r,Interest,NEXONEXO,0.04025876,$0.05948892033664,approved / NEXO Interest Earned,$0.00,2021-09-28 01:00:03
NXTi7E8TdLZ8i,Interest,BTC,0.00000317,$0.13673507650595,approved / BTC Interest Earned,$0.00,2021-09-28 01:00:03
NXT512x8X2gta,Interest,BTC,0.00000317,$0.13625225738805,approved / BTC Interest Earned,$0.00,2021-09-27 01:00:04
NXTaUtLLgEyJi,Interest,NEXONEXO,0.04025130,$0.0586563679302,approved / NEXO Interest Earned,$0.00,2021-09-27 01:00:04
NXTcejWljqLzY,Interest,NEXONEXO,0.04024384,$0.05935769205184,approved / NEXO Interest Earned,$0.00,2021-09-26 01:00:03
NXTbqAAwcn2HW,Interest,BTC,0.00000317,$0.13534288985078,approved / BTC Interest Earned,$0.00,2021-09-26 01:00:03
NXTeR6tLU9moH,Interest,NEXONEXO,0.04023638,$0.05952835617308,approved / NEXO Interest Earned,$0.00,2021-09-25 01:00:03
NXT4WHPrAGe1y,Interest,BTC,0.00000317,$0.13637063178165,approved / BTC Interest Earned,$0.00,2021-09-25 01:00:03
NXTq0Ak6jhvDM,Interest,NEXONEXO,0.04022892,$0.06083823594492,approved / NEXO Interest Earned,$0.00,2021-09-24 01:00:04
NXTwubs4Z5tEW,Interest,BTC,0.00000317,$0.14202067674855,approved / BTC Interest Earned,$0.00,2021-09-24 01:00:04
NXTNZ8rjUQqoB,Interest,BTC,0.00000317,$0.13786772058085,approved / BTC Interest Earned,$0.00,2021-09-23 01:00:03
NXTHoKfsPv9nj,Interest,NEXONEXO,0.04022146,$0.05943179239644,approved / NEXO Interest Earned,$0.00,2021-09-23 01:00:03
NXTRa9fdBHLku,Interest,NEXONEXO,0.04021401,$0.05282761680462,approved / NEXO Interest Earned,$0.00,2021-09-22 01:00:03
NXToD6d9whDy1,Interest,BTC,0.00000317,$0.12836068059688,approved / BTC Interest Earned,$0.00,2021-09-22 01:00:03
NXTR2IREL6Aeb,Interest,NEXONEXO,0.04020655,$0.05882994251415,approved / NEXO Interest Earned,$0.00,2021-09-21 01:00:04
NXTerAh9zs6gv,Interest,BTC,0.00000317,$0.13736227096926,approved / BTC Interest Earned,$0.00,2021-09-21 01:00:04
NXT4VrQehbsPe,Interest,BTC,0.00000317,$0.14905248792443,approved / BTC Interest Earned,$0.00,2021-09-20 01:00:04
NXTxI6hcXw6ch,Interest,NEXONEXO,0.04019910,$0.0628836933246,approved / NEXO Interest Earned,$0.00,2021-09-20 01:00:04
NXT1F20LEKJoP,Interest,NEXONEXO,0.04019165,$0.0659954127497,approved / NEXO Interest Earned,$0.00,2021-09-19 01:00:03
NXTiPMC51QNuY,Interest,BTC,0.00000317,$0.15221361057718,approved / BTC Interest Earned,$0.00,2021-09-19 01:00:03
NXTUIMJHKpVsD,Interest,NEXONEXO,0.04018420,$0.0649403193572,approved / NEXO Interest Earned,$0.00,2021-09-18 01:00:03
NXTrQZ1Yt0u1Z,Interest,BTC,0.00000317,$0.14871849102794,approved / BTC Interest Earned,$0.00,2021-09-18 01:00:03
NXTkNmwfZ55AA,Interest,NEXONEXO,0.04017675,$0.068340169629,approved / NEXO Interest Earned,$0.00,2021-09-17 01:00:03
NXTiRKdx0gdyJ,Interest,BTC,0.00000317,$0.15097029662884,approved / BTC Interest Earned,$0.00,2021-09-17 01:00:03
NXTmHnVRvSy7z,Interest,NEXONEXO,0.04016931,$0.06990403918785,approved / NEXO Interest Earned,$0.00,2021-09-16 01:00:03
NXTWD9LjO0n81,Interest,BTC,0.00000317,$0.15295423742945,approved / BTC Interest Earned,$0.00,2021-09-16 01:00:03
NXTsPmFx2SgmC,Interest,NEXONEXO,0.04016186,$0.06555387469012,approved / NEXO Interest Earned,$0.00,2021-09-15 01:00:03
NXTonMWUyp983,Interest,BTC,0.00000317,$0.14955188744837,approved / BTC Interest Earned,$0.00,2021-09-15 01:00:03
NXT83R71713Bg,Interest,NEXONEXO,0.04015442,$0.0618841851551,approved / NEXO Interest Earned,$0.00,2021-09-14 01:00:03
NXTnyUuTaxuCf,Interest,BTC,0.00000317,$0.14279421977449,approved / BTC Interest Earned,$0.00,2021-09-14 01:00:03
NXTyYXU7qFniO,Interest,NEXONEXO,0.04014697,$0.06362407496963,approved / NEXO Interest Earned,$0.00,2021-09-13 01:00:03
NXTeuIK2WIY6V,Interest,BTC,0.00000317,$0.14498945121276,approved / BTC Interest Earned,$0.00,2021-09-13 01:00:03
NXT5cclXnW2c0,Interest,NEXONEXO,0.04013953,$0.06376051949816,approved / NEXO Interest Earned,$0.00,2021-09-12 01:00:03
NXTVquieey8xv,Interest,BTC,0.00000317,$0.14286065769961,approved / BTC Interest Earned,$0.00,2021-09-12 01:00:03
NXTk570yHQjeg,Interest,NEXONEXO,0.04013209,$0.06138155006992,approved / NEXO Interest Earned,$0.00,2021-09-11 01:00:03
NXTEd0byRlblR,Interest,BTC,0.00000317,$0.14089155394769,approved / BTC Interest Earned,$0.00,2021-09-11 01:00:03
NXTosbPY8fmd4,Interest,NEXONEXO,0.04012465,$0.06916803528485,approved / NEXO Interest Earned,$0.00,2021-09-10 01:00:04
NXT4Qv4dvl8BS,Interest,BTC,0.00000317,$0.14730945459281,approved / BTC Interest Earned,$0.00,2021-09-10 01:00:04
NXTjAyvvQQTT2,Interest,NEXONEXO,0.04011722,$0.07293314607722,approved / NEXO Interest Earned,$0.00,2021-09-09 01:00:03
NXTOu6ZhRtcJZ,Interest,BTC,0.00000317,$0.14764091869734,approved / BTC Interest Earned,$0.00,2021-09-09 01:00:03
NXTVzm6crHto2,Interest,NEXONEXO,0.04010978,$0.06885337087294,approved / NEXO Interest Earned,$0.00,2021-09-08 01:00:03
NXTegTMq67kNU,Interest,BTC,0.00000317,$0.14820604041429,approved / BTC Interest Earned,$0.00,2021-09-08 01:00:03
NXTtMXSal8nYR,Interest,BTC,0.00000316,$0.16595800772184,approved / BTC Interest Earned,$0.00,2021-09-07 01:00:03
NXTBbK3vd0HRb,Interest,NEXONEXO,0.04010235,$0.0785586589419,approved / NEXO Interest Earned,$0.00,2021-09-07 01:00:03
NXTY1DcWRnZJK,Interest,BTC,0.00000316,$0.16360062020772,approved / BTC Interest Earned,$0.00,2021-09-06 01:00:04
NXTm6akR9iq5D,Interest,NEXONEXO,0.04009491,$0.07890886781532,approved / NEXO Interest Earned,$0.00,2021-09-06 01:00:04
NXTYOxPOxMBMu,Interest,BTC,0.00000316,$0.1574996420134,approved / BTC Interest Earned,$0.00,2021-09-05 01:00:03
NXTXiQkJ42nHl,Interest,NEXONEXO,0.04008748,$0.07921474459156,approved / NEXO Interest Earned,$0.00,2021-09-05 01:00:03
NXTCyJaZoYEvP,Interest,NEXONEXO,0.04008005,$0.07856278976735,approved / NEXO Interest Earned,$0.00,2021-09-04 01:00:03
NXTNKyHWYdBx9,Interest,BTC,0.00000316,$0.15690192401916,approved / BTC Interest Earned,$0.00,2021-09-04 01:00:03
NXTnrs4yrthNi,Interest,BTC,0.00000316,$0.15698333000524,approved / BTC Interest Earned,$0.00,2021-09-03 01:00:03
NXTAvW4xpPSxx,Interest,NEXONEXO,0.04007262,$0.0779063827206,approved / NEXO Interest Earned,$0.00,2021-09-03 01:00:03
NXTHvY9igWoNy,Interest,NEXONEXO,0.04006520,$0.0775404252112,approved / NEXO Interest Earned,$0.00,2021-09-02 01:00:03
NXTGzbMVhfP4b,Interest,BTC,0.00000316,$0.1529577017758,approved / BTC Interest Earned,$0.00,2021-09-02 01:00:03
NXTFmRwanBGKW,Interest,NEXONEXO,0.04005777,$0.07486528825941,approved / NEXO Interest Earned,$0.00,2021-09-01 01:00:03
NXTwW55sOBR3X,Interest,BTC,0.00000316,$0.14861050124976,approved / BTC Interest Earned,$0.00,2021-09-01 01:00:03
NXTDwJYbazttN,Interest,BTC,0.00000316,$0.15037436123616,approved / BTC Interest Earned,$0.00,2021-08-31 01:00:03
NXTf9N20iRsat,Interest,NEXONEXO,0.04005035,$0.07501498640595,approved / NEXO Interest Earned,$0.00,2021-08-31 01:00:03
NXTsVPyxhvau7,Interest,BTC,0.00000316,$0.15510648966352,approved / BTC Interest Earned,$0.00,2021-08-30 01:00:03
NXTRYrNXdcwwA,Interest,NEXONEXO,0.04004292,$0.0748886694132,approved / NEXO Interest Earned,$0.00,2021-08-30 01:00:03
NXT01B1aw1n4T,Interest,NEXONEXO,0.04003550,$0.075486614966,approved / NEXO Interest Earned,$0.00,2021-08-29 01:00:03
NXTobC63LHL81,Interest,BTC,0.00000316,$0.15377206600148,approved / BTC Interest Earned,$0.00,2021-08-29 01:00:03
NXThFPtVPrwMt,Interest,NEXONEXO,0.04002808,$0.0776510728132,approved / NEXO Interest Earned,$0.00,2021-08-28 01:00:04
NXTsJGUtPC7VK,Interest,BTC,0.00000316,$0.15465091788608,approved / BTC Interest Earned,$0.00,2021-08-28 01:00:04
NXTDafZqPGJBz,Interest,BTC,0.00000316,$0.14893100085276,approved / BTC Interest Earned,$0.00,2021-08-27 01:00:03
NXT2U0FN8nf1K,Interest,NEXONEXO,0.04002066,$0.07349558087106,approved / NEXO Interest Earned,$0.00,2021-08-27 01:00:03
NXTC26niDpazk,Interest,BTC,0.00000316,$0.15438929484376,approved / BTC Interest Earned,$0.00,2021-08-26 01:00:03
NXT2mGJmxURwU,Interest,NEXONEXO,0.04001324,$0.07683146279924,approved / NEXO Interest Earned,$0.00,2021-08-26 01:00:03
NXTWdOi5wFs53,Interest,BTC,0.00000316,$0.15270312546712,approved / BTC Interest Earned,$0.00,2021-08-25 01:00:03
NXTWChfdk9yhv,Interest,NEXONEXO,0.04000583,$0.07635488710302,approved / NEXO Interest Earned,$0.00,2021-08-25 01:00:03
NXTT8NdFCQigx,Interest,NEXONEXO,0.03999841,$0.07813573398111,approved / NEXO Interest Earned,$0.00,2021-08-24 01:00:04
NXTf0naSIoDXQ,Interest,BTC,0.00000316,$0.15680630975984,approved / BTC Interest Earned,$0.00,2021-08-24 01:00:04
NXTlq7z6WSHEM,Interest,BTC,0.00000316,$0.15550220828544,approved / BTC Interest Earned,$0.00,2021-08-23 01:00:03
NXTzLgdxqwPUt,Interest,NEXONEXO,0.03999100,$0.075443141473,approved / NEXO Interest Earned,$0.00,2021-08-23 01:00:03
NXTzHy7vvc2Y4,Interest,NEXONEXO,0.03998359,$0.07600032806892,approved / NEXO Interest Earned,$0.00,2021-08-22 01:00:03
NXTwU7kIz1obx,Interest,BTC,0.00000316,$0.1558245344822,approved / BTC Interest Earned,$0.00,2021-08-22 01:00:03
NXTut9jc886rH,Interest,BTC,0.00000316,$0.15543566966012,approved / BTC Interest Earned,$0.00,2021-08-21 01:00:03
NXThGDdMvpszP,Interest,NEXONEXO,0.03997617,$0.07601064966183,approved / NEXO Interest Earned,$0.00,2021-08-21 01:00:03
NXTyVqR6O2Jht,Interest,NEXONEXO,0.03996877,$0.07358150635075,approved / NEXO Interest Earned,$0.00,2021-08-20 01:00:03
NXTHZCOGMx7J5,Interest,BTC,0.00000316,$0.14773003286716,approved / BTC Interest Earned,$0.00,2021-08-20 01:00:03
NXTia5ANjfJx6,Interest,BTC,0.00000316,$0.14184076057608,approved / BTC Interest Earned,$0.00,2021-08-19 01:00:03
NXTG0NrJRG2Z5,Interest,NEXONEXO,0.03996136,$0.0724135808424,approved / NEXO Interest Earned,$0.00,2021-08-19 01:00:03
NXTyQodbCqZMg,Interest,NEXONEXO,0.03995395,$0.0719230231846,approved / NEXO Interest Earned,$0.00,2021-08-18 01:00:03
NXTUzjFcWFVEP,Interest,BTC,0.00000316,$0.14183544424896,approved / BTC Interest Earned,$0.00,2021-08-18 01:00:03
NXTsI9LafNkg2,Interest,NEXONEXO,0.03994654,$0.0752928364536,approved / NEXO Interest Earned,$0.00,2021-08-17 01:00:03
NXTRjT3XW2X2z,Interest,BTC,0.00000316,$0.14562032679452,approved / BTC Interest Earned,$0.00,2021-08-17 01:00:03
NXTY86PjXahMn,Interest,BTC,0.00000316,$0.14905014581192,approved / BTC Interest Earned,$0.00,2021-08-16 01:00:04
NXTFDrtAk18tp,Interest,NEXONEXO,0.03993914,$0.07956919099554,approved / NEXO Interest Earned,$0.00,2021-08-16 01:00:04
NXTcCyO4YraZf,Interest,NEXONEXO,0.03993174,$0.07945801311204,approved / NEXO Interest Earned,$0.00,2021-08-15 01:00:03
NXTEidLdPFvcI,Interest,BTC,0.00000316,$0.1479971961858,approved / BTC Interest Earned,$0.00,2021-08-15 01:00:03
NXTRV7aLlYrxv,Interest,BTC,0.00000315,$0.1498231512855,approved / BTC Interest Earned,$0.00,2021-08-14 01:00:03
NXTNItNqKUBoQ,Interest,NEXONEXO,0.03992434,$0.0790729500738,approved / NEXO Interest Earned,$0.00,2021-08-14 01:00:03
NXTXSo9GqkmMq,Interest,NEXONEXO,0.03991694,$0.07226271423938,approved / NEXO Interest Earned,$0.00,2021-08-13 01:00:03
NXTwSuRyMez8w,Interest,BTC,0.00000315,$0.138407847984,approved / BTC Interest Earned,$0.00,2021-08-13 01:00:03
NXTxTRAhOCJg8,Interest,NEXONEXO,0.03990954,$0.0765097809432,approved / NEXO Interest Earned,$0.00,2021-08-12 01:00:03
NXTm3SF9nRrjg,Interest,BTC,0.00000315,$0.1442353724595,approved / BTC Interest Earned,$0.00,2021-08-12 01:00:03
NXTpwjpjzMeva,Interest,NEXONEXO,0.03990214,$0.07938917803758,approved / NEXO Interest Earned,$0.00,2021-08-11 01:00:03
NXTmsOa7zd6Fu,Interest,BTC,0.00000315,$0.1431908500491,approved / BTC Interest Earned,$0.00,2021-08-11 01:00:03
NXTdKzhZAXbcS,Interest,NEXONEXO,0.03989475,$0.078464675142,approved / NEXO Interest Earned,$0.00,2021-08-10 01:00:03
NXTG9yGCLDkQs,Interest,BTC,0.00000315,$0.1455123149298,approved / BTC Interest Earned,$0.00,2021-08-10 01:00:03
NXTrYgUFITTDh,Interest,BTC,0.00000315,$0.13940885053935,approved / BTC Interest Earned,$0.00,2021-08-09 01:00:03
NXTOJXFx4M7Fs,Interest,NEXONEXO,0.03988735,$0.0780668034477,approved / NEXO Interest Earned,$0.00,2021-08-09 01:00:03
NXTAC1rVtEW81,Interest,BTC,0.00000315,$0.1387663005519,approved / BTC Interest Earned,$0.00,2021-08-08 01:00:03
NXTgbp2w1ICrW,Interest,NEXONEXO,0.03987996,$0.078983257779,approved / NEXO Interest Earned,$0.00,2021-08-08 01:00:03
NXTX1rC6fKbjb,Interest,BTC,0.00000315,$0.13468026266415,approved / BTC Interest Earned,$0.00,2021-08-07 01:00:03
NXTLXJYGTuXE2,Interest,NEXONEXO,0.03987257,$0.07437302889876,approved / NEXO Interest Earned,$0.00,2021-08-07 01:00:03
NXTW5GMlmXf3O,Interest,NEXONEXO,0.03986518,$0.0726291754866,approved / NEXO Interest Earned,$0.00,2021-08-06 01:00:03
NXT69DGrHm2xv,Interest,BTC,0.00000315,$0.1289903999328,approved / BTC Interest Earned,$0.00,2021-08-06 01:00:03
NXT7Grg9Qr6Yh,Interest,BTC,0.00000315,$0.12513397108275,approved / BTC Interest Earned,$0.00,2021-08-05 01:00:03
NXTAv1Ooo1njj,Interest,NEXONEXO,0.03985779,$0.07068109445628,approved / NEXO Interest Earned,$0.00,2021-08-05 01:00:03
NXTc0sNlN56Qe,Interest,BTC,0.00000315,$0.1206604770777,approved / BTC Interest Earned,$0.00,2021-08-04 01:00:04
NXT39N8rtrSZ3,Interest,NEXONEXO,0.03985040,$0.0680909438656,approved / NEXO Interest Earned,$0.00,2021-08-04 01:00:04
NXTFcrFvegp0x,Interest,BTC,0.00000315,$0.12424341730185,approved / BTC Interest Earned,$0.00,2021-08-03 01:00:03
NXTHRw7GLHAbT,Interest,NEXONEXO,0.03984301,$0.07307594511197,approved / NEXO Interest Earned,$0.00,2021-08-03 01:00:03
NXT6x0Bz5CE3n,Interest,BTC,0.00000315,$0.1269542723274,approved / BTC Interest Earned,$0.00,2021-08-02 01:00:03
NXTMaxJFQYVgd,Interest,NEXONEXO,0.03983563,$0.07364950699105,approved / NEXO Interest Earned,$0.00,2021-08-02 01:00:03
NXTFV0jLCMbdW,Interest,BTC,0.00000315,$0.1318604535927,approved / BTC Interest Earned,$0.00,2021-08-01 01:00:04
NXTx61xXBYZ6n,Interest,NEXONEXO,0.03982824,$0.0755466039144,approved / NEXO Interest Earned,$0.00,2021-08-01 01:00:04
NXTECBYjpI8XZ,Interest,NEXONEXO,0.03982086,$0.07389979091316,approved / NEXO Interest Earned,$0.00,2021-07-31 01:00:03
NXTG1GQ4VsU85,Interest,BTC,0.00000315,$0.13055496665085,approved / BTC Interest Earned,$0.00,2021-07-31 01:00:03
NXT0a5elILAHz,Interest,BTC,0.00000315,$0.125353494063,approved / BTC Interest Earned,$0.00,2021-07-30 01:00:03
NXTM7yOTtYO3V,Interest,NEXONEXO,0.03981348,$0.07126835875488,approved / NEXO Interest Earned,$0.00,2021-07-30 01:00:03
NXTN9TpxzpmUJ,Interest,NEXONEXO,0.03980610,$0.0701215102197,approved / NEXO Interest Earned,$0.00,2021-07-29 01:00:04
NXTeukflOSty7,Interest,BTC,0.00000315,$0.1251508123152,approved / BTC Interest Earned,$0.00,2021-07-29 01:00:04
NXTZ7IhkME9WB,Interest,NEXONEXO,0.03979872,$0.067610065536,approved / NEXO Interest Earned,$0.00,2021-07-28 01:00:03
NXT2PvuTDPoXm,Interest,BTC,0.00000315,$0.12388680793125,approved / BTC Interest Earned,$0.00,2021-07-28 01:00:03
NXTW6m7CANQR3,Interest,NEXONEXO,0.03979135,$0.0652919549783,approved / NEXO Interest Earned,$0.00,2021-07-27 01:00:03
NXTaPJ1DVesgY,Interest,BTC,0.00000315,$0.11845857577995,approved / BTC Interest Earned,$0.00,2021-07-27 01:00:03
NXTG9Wc4wjdh8,Interest,BTC,0.00000315,$0.1089213179922,approved / BTC Interest Earned,$0.00,2021-07-26 01:00:03
NXTaspzyQtXkc,Interest,NEXONEXO,0.03978397,$0.06166113531903,approved / NEXO Interest Earned,$0.00,2021-07-26 01:00:03
NXTow8ZxeALUq,Interest,BTC,0.00000315,$0.10724459067315,approved / BTC Interest Earned,$0.00,2021-07-25 01:00:03
NXTo7ZE8X71mo,Interest,NEXONEXO,0.03977660,$0.062112751964,approved / NEXO Interest Earned,$0.00,2021-07-25 01:00:03
NXTvWW3cMTile,Interest,NEXONEXO,0.03976923,$0.05961431438538,approved / NEXO Interest Earned,$0.00,2021-07-24 01:00:03
NXT4yxwZREQ0u,Interest,BTC,0.00000315,$0.10438058653785,approved / BTC Interest Earned,$0.00,2021-07-24 01:00:03
NXTUikK5IP0R9,Interest,BTC,0.00000315,$0.10140962166405,approved / BTC Interest Earned,$0.00,2021-07-23 01:00:04
NXTbdBS37mySJ,Interest,NEXONEXO,0.03976185,$0.05788530123,approved / NEXO Interest Earned,$0.00,2021-07-23 01:00:04
NXTBtPCSGJb44,Interest,NEXONEXO,0.03975449,$0.05808898250657,approved / NEXO Interest Earned,$0.00,2021-07-22 01:00:03
NXT87s2P1KoHh,Interest,BTC,0.00000315,$0.1010251245276,approved / BTC Interest Earned,$0.00,2021-07-22 01:00:03
NXTRJbMvOo42Y,Interest,NEXONEXO,0.03974712,$0.05002894474872,approved / NEXO Interest Earned,$0.00,2021-07-21 01:00:03
NXTQSDI10cHII,Interest,BTC,0.00000314,$0.09279047128256,approved / BTC Interest Earned,$0.00,2021-07-21 01:00:03
NXTU9mBDa0Ka5,Interest,NEXONEXO,0.03973975,$0.05665104035225,approved / NEXO Interest Earned,$0.00,2021-07-20 01:00:03
NXTeWQsAK5Hbp,Interest,BTC,0.00000314,$0.09691182491198,approved / BTC Interest Earned,$0.00,2021-07-20 01:00:03
NXTqqxIKkyVrX,Interest,BTC,0.00000314,$0.09917431648022,approved / BTC Interest Earned,$0.00,2021-07-19 01:00:03
NXTdE1C5YgHzf,Interest,NEXONEXO,0.03973238,$0.0583742167103,approved / NEXO Interest Earned,$0.00,2021-07-19 01:00:03
NXTL4wyjfdu9y,Interest,BTC,0.00000314,$0.09935854073238,approved / BTC Interest Earned,$0.00,2021-07-18 01:00:03
NXTxyUFfQzfXV,Interest,NEXONEXO,0.03972502,$0.05812771496504,approved / NEXO Interest Earned,$0.00,2021-07-18 01:00:03
NXTkp8qm8Ty40,Interest,NEXONEXO,0.03971766,$0.05813104519962,approved / NEXO Interest Earned,$0.00,2021-07-17 01:00:04
NXTGvcR7wFr1i,Interest,BTC,0.00000314,$0.09922138270638,approved / BTC Interest Earned,$0.00,2021-07-17 01:00:04
NXTsmZecdQ7V6,Interest,BTC,0.00000314,$0.09976218689086,approved / BTC Interest Earned,$0.00,2021-07-16 01:00:04
NXTzh0maSo5WG,Interest,NEXONEXO,0.03971029,$0.05955439553938,approved / NEXO Interest Earned,$0.00,2021-07-16 01:00:04
NXTiDeFHFk8o8,Interest,NEXONEXO,0.03970293,$0.06295856392113,approved / NEXO Interest Earned,$0.00,2021-07-15 01:00:03
NXTWzbTQ7TP28,Interest,BTC,0.00000314,$0.10354718946334,approved / BTC Interest Earned,$0.00,2021-07-15 01:00:03
NXTcQlVUgZym1,Interest,NEXONEXO,0.03969558,$0.06042941504118,approved / NEXO Interest Earned,$0.00,2021-07-14 01:00:03
NXTB0h8X92yOi,Interest,BTC,0.00000314,$0.10230152112152,approved / BTC Interest Earned,$0.00,2021-07-14 01:00:03
NXTVQ6bpNXOds,Interest,BTC,0.00000314,$0.10385616789684,approved / BTC Interest Earned,$0.00,2021-07-13 01:00:03
NXTbvagYKMcon,Interest,NEXONEXO,0.03968822,$0.06223307368278,approved / NEXO Interest Earned,$0.00,2021-07-13 01:00:03
NXTImgD2Dj38A,Interest,BTC,0.00000314,$0.1079705440098,approved / BTC Interest Earned,$0.00,2021-07-12 01:00:03
NXTGeHkdCqtlr,Interest,NEXONEXO,0.03968086,$0.06464801743114,approved / NEXO Interest Earned,$0.00,2021-07-12 01:00:03
NXTOGeyC3y5uH,Interest,NEXONEXO,0.03967351,$0.06448445033678,approved / NEXO Interest Earned,$0.00,2021-07-11 01:00:03
NXTWWfBx6i36b,Interest,BTC,0.00000314,$0.10563867189332,approved / BTC Interest Earned,$0.00,2021-07-11 01:00:03
NXTW6SZpwpnCH,Interest,NEXONEXO,0.03966615,$0.0645353187363,approved / NEXO Interest Earned,$0.00,2021-07-10 01:00:03
NXTcelNeAnUPQ,Interest,BTC,0.00000314,$0.10669596791424,approved / BTC Interest Earned,$0.00,2021-07-10 01:00:03
NXTKuEj0YeMwB,Interest,NEXONEXO,0.03965880,$0.0627379213896,approved / NEXO Interest Earned,$0.00,2021-07-09 01:00:03
NXT47JuyoLeKB,Interest,BTC,0.00000314,$0.10234953911308,approved / BTC Interest Earned,$0.00,2021-07-09 01:00:03
NXTFsRMcTTDYK,Interest,BTC,0.00000314,$0.10720732905976,approved / BTC Interest Earned,$0.00,2021-07-08 01:00:03
NXTZOELRy143X,Interest,NEXONEXO,0.03965145,$0.066593817246,approved / NEXO Interest Earned,$0.00,2021-07-08 01:00:03
NXTLk2gKUPK7a,Interest,NEXONEXO,0.03964410,$0.0634258819962,approved / NEXO Interest Earned,$0.00,2021-07-07 01:00:03
NXTGjF7zwHKG3,Interest,BTC,0.00000314,$0.10695943925718,approved / BTC Interest Earned,$0.00,2021-07-07 01:00:03
NXTfa3B5x85LB,Interest,BTC,0.00000314,$0.10679825376278,approved / BTC Interest Earned,$0.00,2021-07-06 01:00:03
NXTKXQC88gNVu,Interest,NEXONEXO,0.03963675,$0.06067803764775,approved / NEXO Interest Earned,$0.00,2021-07-06 01:00:03
NXTjJ0HaCvg0N,Interest,NEXONEXO,0.03962941,$0.06206746305377,approved / NEXO Interest Earned,$0.00,2021-07-05 01:00:04
NXT1mXlgoPL6D,Interest,BTC,0.00000314,$0.11094701356026,approved / BTC Interest Earned,$0.00,2021-07-05 01:00:04
NXT8t9irOEICs,Interest,BTC,0.00000314,$0.10851714720908,approved / BTC Interest Earned,$0.00,2021-07-04 01:00:03
NXT6whQ8ppr11,Interest,NEXONEXO,0.03962206,$0.05931398608764,approved / NEXO Interest Earned,$0.00,2021-07-04 01:00:03
NXTf2ghol5v7r,Interest,NEXONEXO,0.03961472,$0.05942196115584,approved / NEXO Interest Earned,$0.00,2021-07-03 01:00:03
NXTDxfv8rNs3E,Interest,BTC,0.00000314,$0.10586481808452,approved / BTC Interest Earned,$0.00,2021-07-03 01:00:03
NXThmsI0ktdRS,Interest,BTC,0.00000314,$0.10537114427012,approved / BTC Interest Earned,$0.00,2021-07-02 01:00:04
NXTkvmFvLIogF,Interest,NEXONEXO,0.03960738,$0.05401290096504,approved / NEXO Interest Earned,$0.00,2021-07-02 01:00:04
NXTp0SC2arCff,Interest,BTC,0.00000314,$0.1092731576866,approved / BTC Interest Earned,$0.00,2021-07-01 01:00:03
NXTCQtlWVj55T,Interest,NEXONEXO,0.03960003,$0.05788744265409,approved / NEXO Interest Earned,$0.00,2021-07-01 01:00:03
NXT3NdbKbUObV,Interest,NEXONEXO,0.03959269,$0.05833816582202,approved / NEXO Interest Earned,$0.00,2021-06-30 01:00:03
NXTb7FtKdMuzH,Interest,BTC,0.00000314,$0.11302394978324,approved / BTC Interest Earned,$0.00,2021-06-30 01:00:03
NXTmaIDTnD6t0,Interest,BTC,0.00000314,$0.10802793772736,approved / BTC Interest Earned,$0.00,2021-06-29 01:00:03
NXTjdKPFfHdof,Interest,NEXONEXO,0.03958536,$0.05469275637576,approved / NEXO Interest Earned,$0.00,2021-06-29 01:00:03
NXTAOBWVZ3qXD,Interest,BTC,0.00000314,$0.10828900887942,approved / BTC Interest Earned,$0.00,2021-06-28 01:00:03
NXT8wyyXnQvHb,Interest,NEXONEXO,0.03957802,$0.05012453330148,approved / NEXO Interest Earned,$0.00,2021-06-28 01:00:03
NXTTKYRVpWwO9,Interest,NEXONEXO,0.03957068,$0.04771499864556,approved / NEXO Interest Earned,$0.00,2021-06-27 01:00:03
NXTsKekDLR9AF,Interest,BTC,0.00000313,$0.09954831565596,approved / BTC Interest Earned,$0.00,2021-06-27 01:00:03
NXTgnHHzQZVzk,Interest,NEXONEXO,0.03956335,$0.0544837179321,approved / NEXO Interest Earned,$0.00,2021-06-26 01:00:03
NXTDWO4Tsv0V2,Interest,BTC,0.00000313,$0.0983704781514,approved / BTC Interest Earned,$0.00,2021-06-26 01:00:03
NXT9kpp8Bd85x,Interest,NEXONEXO,0.03955602,$0.06170707475184,approved / NEXO Interest Earned,$0.00,2021-06-25 01:00:03
NXTUU9D1fn29R,Interest,BTC,0.00000313,$0.10886068755566,approved / BTC Interest Earned,$0.00,2021-06-25 01:00:03
NXTrhyIBJwGkX,Interest,NEXONEXO,0.03954868,$0.05823104139652,approved / NEXO Interest Earned,$0.00,2021-06-24 01:00:03
NXTrCJ2tvVHKV,Interest,BTC,0.00000313,$0.10463471986793,approved / BTC Interest Earned,$0.00,2021-06-24 01:00:03
NXTQS50OT2jO5,Interest,NEXONEXO,0.03954135,$0.05292455486235,approved / NEXO Interest Earned,$0.00,2021-06-23 01:00:03
NXT4fRNu8DKPt,Interest,BTC,0.00000313,$0.10165187226691,approved / BTC Interest Earned,$0.00,2021-06-23 01:00:03
NXT0LwyLAC6vU,Interest,NEXONEXO,0.03953402,$0.05221645454796,approved / NEXO Interest Earned,$0.00,2021-06-22 01:00:02
NXTmwh0zjukkx,Interest,BTC,0.00000313,$0.09825523250918,approved / BTC Interest Earned,$0.00,2021-06-22 01:00:02
NXTBvO1776KWw,Interest,NEXONEXO,0.03952670,$0.0667719009362,approved / NEXO Interest Earned,$0.00,2021-06-21 01:00:02
NXTckZB9JastY,Interest,BTC,0.00000313,$0.11177940274937,approved / BTC Interest Earned,$0.00,2021-06-21 01:00:02
NXTgV0W28fGXs,Interest,NEXONEXO,0.03951937,$0.0674718155947,approved / NEXO Interest Earned,$0.00,2021-06-20 01:00:03
NXTMmCdeE2OMs,Interest,BTC,0.00000313,$0.1114602696114,approved / BTC Interest Earned,$0.00,2021-06-20 01:00:03
NXTqlLQAWELqu,Interest,NEXONEXO,0.03951205,$0.06824541032025,approved / NEXO Interest Earned,$0.00,2021-06-19 01:00:02
NXT6ic8VBsRFX,Interest,BTC,0.00000313,$0.11168034736706,approved / BTC Interest Earned,$0.00,2021-06-19 01:00:02
NXTbFPuKwIuEF,Interest,NEXONEXO,0.03950472,$0.07306666596096,approved / NEXO Interest Earned,$0.00,2021-06-18 01:00:03
NXTjEvG6vtWh0,Interest,BTC,0.00000313,$0.11856218584113,approved / BTC Interest Earned,$0.00,2021-06-18 01:00:03
NXTuErJFEApfA,Interest,NEXONEXO,0.03949740,$0.0699128863362,approved / NEXO Interest Earned,$0.00,2021-06-17 01:00:02
NXTRyTbFG3M2w,Interest,BTC,0.00000313,$0.12084428677603,approved / BTC Interest Earned,$0.00,2021-06-17 01:00:02
NXTwD76uSQ7K2,Interest,NEXONEXO,0.03949008,$0.07439322924768,approved / NEXO Interest Earned,$0.00,2021-06-16 01:00:03
NXTiaB0fG7tSA,Interest,BTC,0.00000313,$0.12556195431115,approved / BTC Interest Earned,$0.00,2021-06-16 01:00:03
NXTRqTKwwK1jT,Interest,BTC,0.00000313,$0.1255358882502,approved / BTC Interest Earned,$0.00,2021-06-15 01:00:02
NXTrLpOPEzkRo,Interest,NEXONEXO,0.03948276,$0.07644347973948,approved / NEXO Interest Earned,$0.00,2021-06-15 01:00:02
NXTv66zaCf1A6,Interest,NEXONEXO,0.03947544,$0.07740071894664,approved / NEXO Interest Earned,$0.00,2021-06-14 01:00:03
NXTLZ9pSnjIih,Interest,BTC,0.00000313,$0.12163904882647,approved / BTC Interest Earned,$0.00,2021-06-14 01:00:03
NXTjfrDvPL73B,Interest,NEXONEXO,0.03946813,$0.07359590626596,approved / NEXO Interest Earned,$0.00,2021-06-13 01:00:03
NXTATxe5eELuS,Interest,BTC,0.00000313,$0.1118864803655,approved / BTC Interest Earned,$0.00,2021-06-13 01:00:03
NXTCqAtnqDOHQ,Interest,NEXONEXO,0.03946081,$0.07685959537345,approved / NEXO Interest Earned,$0.00,2021-06-12 01:00:02
NXTk3ShB7j5Dc,Interest,BTC,0.00000313,$0.11701282046344,approved / BTC Interest Earned,$0.00,2021-06-12 01:00:02
NXTRE1YRCmQEo,Interest,NEXONEXO,0.03945350,$0.0812387413035,approved / NEXO Interest Earned,$0.00,2021-06-11 01:00:02
NXTwpFO2DmnGH,Interest,BTC,0.00000313,$0.1154973520937,approved / BTC Interest Earned,$0.00,2021-06-11 01:00:02
NXTfc1wmQkZ8E,Interest,BTC,0.00000313,$0.11629964415103,approved / BTC Interest Earned,$0.00,2021-06-10 01:00:02
NXTSIPRbYk929,Interest,NEXONEXO,0.03944618,$0.08584273746982,approved / NEXO Interest Earned,$0.00,2021-06-10 01:00:02
NXToiKQHRltwl,Interest,BTC,0.00000313,$0.10485299057756,approved / BTC Interest Earned,$0.00,2021-06-09 01:00:02
NXTCtrN9qcn0p,Interest,NEXONEXO,0.03943887,$0.07783387198884,approved / NEXO Interest Earned,$0.00,2021-06-09 01:00:02
NXTwoKqZjDB99,Interest,BTC,0.00000313,$0.10700348695654,approved / BTC Interest Earned,$0.00,2021-06-08 01:00:02
NXTLVh7DzpXzS,Interest,BTC,0.00000313,$0.11142714928165,approved / BTC Interest Earned,$0.00,2021-06-07 01:00:03
NXTVg4DLGEY7R,Interest,BTC,0.00000313,$0.10985636683514,approved / BTC Interest Earned,$0.00,2021-06-06 01:00:03
NXTTpyfWCW7m4,Interest,BTC,0.00000313,$0.11624470810314,approved / BTC Interest Earned,$0.00,2021-06-05 01:00:02
NXTkPX8qVXZyy,Interest,BTC,0.00000312,$0.12144865385328,approved / BTC Interest Earned,$0.00,2021-06-04 01:00:03
NXTBxy0jbY7HP,Interest,BTC,0.00000312,$0.11717138891016,approved / BTC Interest Earned,$0.00,2021-06-03 01:00:03
NXTixEE45qhmx,Interest,BTC,0.00000312,$0.11364756897936,approved / BTC Interest Earned,$0.00,2021-06-02 01:00:03
NXT59xh2rJOrD,Interest,BTC,0.00000312,$0.11518927381416,approved / BTC Interest Earned,$0.00,2021-06-01 01:00:03
NXTa6sOfUgFYh,Interest,BTC,0.00000312,$0.11165607439272,approved / BTC Interest Earned,$0.00,2021-05-31 01:00:03
NXT9PYDvM8V1h,Interest,BTC,0.00000312,$0.107209798878,approved / BTC Interest Earned,$0.00,2021-05-30 01:00:02
NXTKCIlMWqk9V,Interest,BTC,0.00000312,$0.10948215063864,approved / BTC Interest Earned,$0.00,2021-05-29 01:00:03
NXTv3oKmm0N1D,Interest,BTC,0.00000312,$0.12024140159616,approved / BTC Interest Earned,$0.00,2021-05-28 01:00:03
NXTvqhkm9zlwq,Interest,BTC,0.00000312,$0.12141939738864,approved / BTC Interest Earned,$0.00,2021-05-27 01:00:03
NXTr1Uuz39FWS,Interest,BTC,0.00000312,$0.12003636808176,approved / BTC Interest Earned,$0.00,2021-05-26 01:00:03
NXTZCoA8bv3jM,Interest,BTC,0.00000312,$0.12011156385072,approved / BTC Interest Earned,$0.00,2021-05-25 01:00:03
NXTXtiMHeVIr7,Interest,BTC,0.00000312,$0.1056981061968,approved / BTC Interest Earned,$0.00,2021-05-24 01:00:03
NXTVMuRvXgMdK,Interest,BTC,0.00000312,$0.11754583220952,approved / BTC Interest Earned,$0.00,2021-05-23 01:00:02
NXTHg8w6h7ayN,Interest,BTC,0.00000312,$0.11415481958712,approved / BTC Interest Earned,$0.00,2021-05-22 01:00:03
NXTyk11PKX9Sf,Interest,BTC,0.00000312,$0.1289011801896,approved / BTC Interest Earned,$0.00,2021-05-21 01:00:02
NXT9Ui6DSu1BW,Interest,BTC,0.00000312,$0.1226693412204,approved / BTC Interest Earned,$0.00,2021-05-20 01:00:02
NXTORwJIX0F7a,Interest,BTC,0.00000312,$0.1337270530284,approved / BTC Interest Earned,$0.00,2021-05-19 01:00:03
NXTHyW1zERlln,Interest,BTC,0.00000312,$0.13368397772184,approved / BTC Interest Earned,$0.00,2021-05-18 01:00:03
NXTW14lbH9wvd,Interest,BTC,0.00000312,$0.1422575162112,approved / BTC Interest Earned,$0.00,2021-05-17 01:00:03
NXTNndqtNDTdx,Interest,BTC,0.00000312,$0.14969342232936,approved / BTC Interest Earned,$0.00,2021-05-16 01:00:03
NXTBcE6oHHmJw,Interest,BTC,0.00000312,$0.15560786940816,approved / BTC Interest Earned,$0.00,2021-05-15 01:00:03
NXT8X7vWegVRA,Interest,BTC,0.00000312,$0.1531463830104,approved / BTC Interest Earned,$0.00,2021-05-14 01:00:02
NXT2zUhiTaKSi,Interest,BTC,0.00000312,$0.16523650993824,approved / BTC Interest Earned,$0.00,2021-05-13 01:00:03
NXTnnsvnMvDYL,Interest,BTC,0.00000312,$0.17619996502056,approved / BTC Interest Earned,$0.00,2021-05-12 01:00:03
NXTam9qfqP2zP,Interest,BTC,0.00000311,$0.17475601093979,approved / BTC Interest Earned,$0.00,2021-05-11 01:00:03
NXTodLepti6Oc,Interest,BTC,0.00000311,$0.18023218280716,approved / BTC Interest Earned,$0.00,2021-05-10 01:00:03
NXTquvbDgOjdd,Interest,BTC,0.00000311,$0.18238143043293,approved / BTC Interest Earned,$0.00,2021-05-09 01:00:03
NXTOlZtSYt6tR,Interest,BTC,0.00000311,$0.17738379485646,approved / BTC Interest Earned,$0.00,2021-05-08 01:00:02
NXTXQBjJSzZCh,Interest,BTC,0.00000311,$0.17568775098549,approved / BTC Interest Earned,$0.00,2021-05-07 01:00:02
NXTXwaHJnpdOl,Interest,BTC,0.00000311,$0.17757929306717,approved / BTC Interest Earned,$0.00,2021-05-06 01:00:03
NXTG54nO5SyZR,Interest,BTC,0.00000311,$0.16829814721125,approved / BTC Interest Earned,$0.00,2021-05-05 01:00:03
NXTRy4JcGqRFu,Interest,BTC,0.00000311,$0.17826263598849,approved / BTC Interest Earned,$0.00,2021-05-04 01:00:03
NXTv7Avzwwl5f,Interest,BTC,0.00000311,$0.17556963547756,approved / BTC Interest Earned,$0.00,2021-05-03 01:00:02
NXT1NiQW0MgGd,Interest,BTC,0.00000311,$0.17941652719059,approved / BTC Interest Earned,$0.00,2021-05-02 01:00:03
NXTT9ABxWSFEr,Interest,BTC,0.00000311,$0.17758676333693,approved / BTC Interest Earned,$0.00,2021-05-01 01:00:02
NXTtAunQ9y29G,Interest,BTC,0.00000311,$0.16603842011031,approved / BTC Interest Earned,$0.00,2021-04-30 01:00:03
NXTkLz92Xb89e,Interest,BTC,0.00000311,$0.16906964988103,approved / BTC Interest Earned,$0.00,2021-04-29 01:00:03
NXT8VaPGT7jtY,Interest,BTC,0.00000311,$0.1710689061254,approved / BTC Interest Earned,$0.00,2021-04-28 01:00:02
NXTUMb2cEpdda,Interest,BTC,0.00000311,$0.16680020728937,approved / BTC Interest Earned,$0.00,2021-04-27 01:00:03
NXTg2DtMN0SUm,Interest,BTC,0.00000311,$0.15131978506773,approved / BTC Interest Earned,$0.00,2021-04-26 01:00:03
NXT1zRD7A3sj5,Interest,BTC,0.00000311,$0.15661125090955,approved / BTC Interest Earned,$0.00,2021-04-25 01:00:02
NXT0KGnhZliN8,Interest,BTC,0.00000311,$0.15687653671166,approved / BTC Interest Earned,$0.00,2021-04-24 01:00:03
NXTJB5PDKkCWo,Interest,BTC,0.00000311,$0.1603730204671,approved / BTC Interest Earned,$0.00,2021-04-23 01:00:02
NXT6vgB47DT3V,Interest,BTC,0.00000311,$0.16823371040284,approved / BTC Interest Earned,$0.00,2021-04-22 01:00:03
NXTiX6MtztXSP,Interest,BTC,0.00000311,$0.17549930605263,approved / BTC Interest Earned,$0.00,2021-04-21 01:00:03
NXTveLG8VMl30,Interest,BTC,0.00000311,$0.17445481380907,approved / BTC Interest Earned,$0.00,2021-04-20 01:00:02
NXT2Bwqs50bNM,Interest,BTC,0.00000311,$0.17583990530347,approved / BTC Interest Earned,$0.00,2021-04-19 01:00:02
NXTDngEeyRdgz,Interest,BTC,0.00000311,$0.1905861787761,approved / BTC Interest Earned,$0.00,2021-04-18 01:00:02
NXTQ661FcbB1n,Interest,BTC,0.00000310,$0.1912159618571,approved / BTC Interest Earned,$0.00,2021-04-17 01:00:03
NXTGc7wAgBfwA,Interest,BTC,0.00000310,$0.1965308532454,approved / BTC Interest Earned,$0.00,2021-04-16 01:00:02
NXTavTaKuelOY,Interest,BTC,0.00000310,$0.1952014444652,approved / BTC Interest Earned,$0.00,2021-04-15 01:00:03
NXTLT7Bc0ZxCr,Interest,BTC,0.00000310,$0.196400554715,approved / BTC Interest Earned,$0.00,2021-04-14 01:00:03
NXTMgnfATWV7L,Interest,BTC,0.00000310,$0.1862770101751,approved / BTC Interest Earned,$0.00,2021-04-13 01:00:03
NXTcoUL3jzUq3,Interest,BTC,0.00000310,$0.1866102865251,approved / BTC Interest Earned,$0.00,2021-04-12 01:00:03
NXT4V1cH2Hp5g,Interest,BTC,0.00000310,$0.1834729366773,approved / BTC Interest Earned,$0.00,2021-04-11 01:00:03
NXTScstHeHHIh,Interest,BTC,0.00000310,$0.1804341373578,approved / BTC Interest Earned,$0.00,2021-04-10 01:00:03
NXTIaKoj9R495,Interest,BTC,0.00000310,$0.1795959315074,approved / BTC Interest Earned,$0.00,2021-04-09 01:00:03
NXTPCFMwZUAUn,Interest,BTC,0.00000310,$0.1753369582751,approved / BTC Interest Earned,$0.00,2021-04-08 01:00:03
NXTtMeBN894tC,Interest,BTC,0.00000310,$0.1801386263455,approved / BTC Interest Earned,$0.00,2021-04-07 01:00:03
NXTl7wUZUsmsj,Interest,BTC,0.00000310,$0.182845784658,approved / BTC Interest Earned,$0.00,2021-04-06 01:00:03
NXTZHOIYH3Xdw,Interest,BTC,0.00000310,$0.181650120052,approved / BTC Interest Earned,$0.00,2021-04-05 01:00:03
NXTuOLzrc4Lxd,Interest,BTC,0.00000310,$0.1801670358553,approved / BTC Interest Earned,$0.00,2021-04-04 01:00:03
NXT4pBfS1JIXl,Interest,BTC,0.00000310,$0.183762360542,approved / BTC Interest Earned,$0.00,2021-04-03 01:00:03
NXTztU5vEXUnv,Interest,BTC,0.00000310,$0.1838842055863,approved / BTC Interest Earned,$0.00,2021-04-02 01:00:03
NXTO04aq7D8I9,Interest,BTC,0.00000310,$0.1825729946152,approved / BTC Interest Earned,$0.00,2021-04-01 01:00:02
NXT9FHIZ9jdPW,Interest,BTC,0.00000310,$0.182607359194,approved / BTC Interest Earned,$0.00,2021-03-31 01:00:02
NXTH71TIM0XGD,Interest,BTC,0.00000310,$0.1792108400431,approved / BTC Interest Earned,$0.00,2021-03-30 01:00:03
NXTKEsSCeyFSj,Interest,BTC,0.00000310,$0.1728547888145,approved / BTC Interest Earned,$0.00,2021-03-29 01:00:03
NXTILQN8vHEiC,Interest,BTC,0.00000310,$0.1735408141831,approved / BTC Interest Earned,$0.00,2021-03-28 01:00:03
NXTvWyVJzCyHU,Interest,BTC,0.00000310,$0.1709256725506,approved / BTC Interest Earned,$0.00,2021-03-27 01:00:02
NXTNFiysBFms6,Interest,BTC,0.00000310,$0.1602970723031,approved / BTC Interest Earned,$0.00,2021-03-26 01:00:03
NXTlouFAQxaCN,Interest,BTC,0.00000310,$0.1635895334812,approved / BTC Interest Earned,$0.00,2021-03-25 01:00:02
NXTMllDQZoOJM,Interest,BTC,0.00000310,$0.169690729283,approved / BTC Interest Earned,$0.00,2021-03-24 01:00:02
NXTEHqqogx3L0,Interest,BTC,0.00000309,$0.16849505993799,approved / BTC Interest Earned,$0.00,2021-03-23 01:00:03
NXT7jzIOkog4i,Interest,BTC,0.00000309,$0.17774737084983,approved / BTC Interest Earned,$0.00,2021-03-22 01:00:03
NXTQGX0AAzlbs,Interest,BTC,0.00000309,$0.18018915566181,approved / BTC Interest Earned,$0.00,2021-03-21 01:00:03
NXTKn4QD38Cld,Interest,BTC,0.00000309,$0.18029115768966,approved / BTC Interest Earned,$0.00,2021-03-20 01:00:03
NXThRwrWfeBuj,Interest,BTC,0.00000309,$0.17879051204715,approved / BTC Interest Earned,$0.00,2021-03-19 01:00:03
NXT8NCj7iF0Ie,Interest,BTC,0.00000309,$0.18191106039897,approved / BTC Interest Earned,$0.00,2021-03-18 01:00:03
NXTOsJvLNgYb3,Interest,BTC,0.00000309,$0.17489254134696,approved / BTC Interest Earned,$0.00,2021-03-17 01:00:03
NXTgyQLTM27Iq,Interest,BTC,0.00000309,$0.17274732926259,approved / BTC Interest Earned,$0.00,2021-03-16 01:00:03
NXTYnQ5PBn6cU,Interest,BTC,0.00000309,$0.18338800201803,approved / BTC Interest Earned,$0.00,2021-03-15 01:00:03
NXTU8WrHAyrUH,Interest,BTC,0.00000309,$0.18924427983663,approved / BTC Interest Earned,$0.00,2021-03-14 01:00:03
NXTnNgzHR86mx,Interest,BTC,0.00000309,$0.17723843561034,approved / BTC Interest Earned,$0.00,2021-03-13 01:00:03
NXTcXIWq9iHHA,Interest,BTC,0.00000309,$0.17861182488675,approved / BTC Interest Earned,$0.00,2021-03-12 01:00:03
NXTZNLZvHrd06,Interest,BTC,0.00000309,$0.17305096234974,approved / BTC Interest Earned,$0.00,2021-03-11 01:00:03
NXTJaYXkBaJFr,Interest,BTC,0.00000309,$0.16936165885206,approved / BTC Interest Earned,$0.00,2021-03-10 01:00:02
NXTK9Zmc1qLGh,Interest,BTC,0.00000309,$0.16152694262376,approved / BTC Interest Earned,$0.00,2021-03-09 01:00:03
NXTLMShCLgPGU,Interest,BTC,0.00000309,$0.15828967996305,approved / BTC Interest Earned,$0.00,2021-03-08 01:00:03
NXTP2neTKDZvG,Interest,BTC,0.00000309,$0.15116519921505,approved / BTC Interest Earned,$0.00,2021-03-07 01:00:03
NXTdjkzWPGzCS,Interest,BTC,0.00000309,$0.15121038153186,approved / BTC Interest Earned,$0.00,2021-03-06 01:00:03
NXTE7yFi19Dv9,Interest,BTC,0.00000369,$0.17920475103789,approved / BTC Interest Earned,$0.00,2021-03-05 01:00:02
NXT4TCTPYPBUi,Interest,BTC,0.00000369,$0.18653322299967,approved / BTC Interest Earned,$0.00,2021-03-04 01:00:02
NXTknUpnLKzMl,Interest,BTC,0.00000369,$0.17851702633956,approved / BTC Interest Earned,$0.00,2021-03-03 01:00:02
NXTTUHI0WpHmF,Interest,BTC,0.00000369,$0.18319510108233,approved / BTC Interest Earned,$0.00,2021-03-02 01:00:02
NXT27ieLIWQvm,Interest,BTC,0.00000369,$0.16652726993943,approved / BTC Interest Earned,$0.00,2021-03-01 01:00:03
NXT1DnM23cOA7,Interest,BTC,0.00000368,$0.17004319704,approved / BTC Interest Earned,$0.00,2021-02-28 01:00:02
NXTppKPkiIZfr,Interest,BTC,0.00000368,$0.17050303672448,approved / BTC Interest Earned,$0.00,2021-02-27 01:00:02
NXTiYmiUxeBJk,Interest,BTC,0.00000368,$0.17437059808864,approved / BTC Interest Earned,$0.00,2021-02-26 01:00:02
NXTc3KOdgynbt,Interest,BTC,0.00000368,$0.1828905257976,approved / BTC Interest Earned,$0.00,2021-02-25 01:00:02
NXTrDXkPV0Ckg,Interest,BTC,0.00000368,$0.17963107451216,approved / BTC Interest Earned,$0.00,2021-02-24 01:00:02
NXTRtAskGDymF,Interest,BTC,0.00000335,$0.18164376046415,approved / BTC Interest Earned,$0.00,2021-02-23 01:00:03
NXTngUd0n490W,Deposit,BTC,0.00204925,$111.07832354894,approved / 6c035850dc994b4cb9fc57e095e2c1373d3d1f81183fbfff27241e5b895a255e,$0.00,2021-02-22 21:51:58
NXTVrRDnsdPpP,Interest,BTC,0.00000335,$0.192552305,approved / BTC Interest Earned,$0.00,2021-02-22 01:00:02
NXTvzSEGW2aYO,Interest,BTC,0.00000335,$0.187505865,approved / BTC Interest Earned,$0.00,2021-02-21 01:00:02
NXTQmdyXagDQP,Interest,BTC,0.00000335,$0.18733334,approved / BTC Interest Earned,$0.00,2021-02-20 01:00:02
NXTZdFgfvoFEQ,Interest,BTC,0.00000335,$0.17287139,approved / BTC Interest Earned,$0.00,2021-02-19 01:00:03
NXTKbxWPvBPcE,Interest,BTC,0.00000335,$0.17462478,approved / BTC Interest Earned,$0.00,2021-02-18 01:00:02
NXTWN1n6pufKQ,Interest,BTC,0.00000335,$0.164732565,approved / BTC Interest Earned,$0.00,2021-02-17 01:00:02
NXTqK6nUfmq5e,Interest,BTC,0.00000335,$0.160630155,approved / BTC Interest Earned,$0.00,2021-02-16 01:00:03
NXTZclBOH3ePR,Interest,BTC,0.00000335,$0.163164095,approved / BTC Interest Earned,$0.00,2021-02-15 01:00:02
NXTAnS2G3KR9n,Interest,BTC,0.00000335,$0.158035915,approved / BTC Interest Earned,$0.00,2021-02-14 01:00:02
NXThiQiBlSEgs,Interest,BTC,0.00000335,$0.15877794,approved / BTC Interest Earned,$0.00,2021-02-13 01:00:03
NXTOC9yaSXVZD,Interest,BTC,0.00000335,$0.160675045,approved / BTC Interest Earned,$0.00,2021-02-12 01:00:02
NXTIXziWhCezt,Interest,BTC,0.00000335,$0.150414665,approved / BTC Interest Earned,$0.00,2021-02-11 01:00:03
NXT8SB7qPF72q,Interest,BTC,0.00000335,$0.156024575,approved / BTC Interest Earned,$0.00,2021-02-10 01:00:03
NXThMgaOhABLl,Interest,BTC,0.00000335,$0.155359935,approved / BTC Interest Earned,$0.00,2021-02-09 01:00:02
NXTQM1NDy9Btl,Interest,BTC,0.00000335,$0.130392385,approved / BTC Interest Earned,$0.00,2021-02-08 01:00:03
NXTwBpoEdD5NW,Interest,BTC,0.00000335,$0.1315344,approved / BTC Interest Earned,$0.00,2021-02-07 01:00:03
NXTBiUxZlSzCO,Interest,BTC,0.00000335,$0.128356925,approved / BTC Interest Earned,$0.00,2021-02-06 01:00:02
NXTKEg2FuOVRr,Interest,BTC,0.00000335,$0.123890035,approved / BTC Interest Earned,$0.00,2021-02-05 01:00:02
NXTiaUd46tewr,Interest,BTC,0.00000334,$0.125837506,approved / BTC Interest Earned,$0.00,2021-02-04 01:00:03
NXT6UXRY9hbZO,Interest,BTC,0.00000334,$0.118670534,approved / BTC Interest Earned,$0.00,2021-02-03 01:00:02
NXT88abiFqtkP,Interest,BTC,0.00000334,$0.112096078,approved / BTC Interest Earned,$0.00,2021-02-02 01:00:03
NXT3IdvXyRkjd,Interest,BTC,0.00000334,$0.110615456,approved / BTC Interest Earned,$0.00,2021-02-01 01:00:03
NXTCKXy6UM7jR,Interest,BTC,0.00000334,$0.114561666,approved / BTC Interest Earned,$0.00,2021-01-31 01:00:02
NXTPeyugLXwyk,Interest,BTC,0.00000334,$0.11466554,approved / BTC Interest Earned,$0.00,2021-01-30 01:00:03
NXTtmzudIyKrb,Interest,BTC,0.00000334,$0.111672566,approved / BTC Interest Earned,$0.00,2021-01-29 01:00:02
NXTxmluAYt1wm,Interest,BTC,0.00000334,$0.101625846,approved / BTC Interest Earned,$0.00,2021-01-28 01:00:02
NXTRcII6PMZ1Q,Interest,BTC,0.00000334,$0.108663226,approved / BTC Interest Earned,$0.00,2021-01-27 01:00:02
NXTSmtPK0pM7O,Interest,BTC,0.00000334,$0.10763985,approved / BTC Interest Earned,$0.00,2021-01-26 01:00:02
NXT637gzcWQuP,Interest,BTC,0.00000334,$0.107769776,approved / BTC Interest Earned,$0.00,2021-01-25 01:00:02
NXTl4HcDvniCc,Interest,BTC,0.00000334,$0.107215336,approved / BTC Interest Earned,$0.00,2021-01-24 01:00:02
NXTphVmx3cxmx,Interest,BTC,0.00000334,$0.110223674,approved / BTC Interest Earned,$0.00,2021-01-23 01:00:03
NXT3SnVgyJnLQ,Interest,BTC,0.00000334,$0.102956168,approved / BTC Interest Earned,$0.00,2021-01-22 01:00:02
NXTSYQhnvU8lt,Interest,BTC,0.00000334,$0.118609078,approved / BTC Interest Earned,$0.00,2021-01-21 01:00:02
NXT1qvuv5SM4K,Interest,BTC,0.00000334,$0.120255698,approved / BTC Interest Earned,$0.00,2021-01-20 01:00:03
NXTzYtydAYgfv,Interest,BTC,0.00000334,$0.122191896,approved / BTC Interest Earned,$0.00,2021-01-19 01:00:02
NXT7M6r8qOR0O,Interest,BTC,0.00000334,$0.119569996,approved / BTC Interest Earned,$0.00,2021-01-18 01:00:03
NXTkfJbbad5lf,Interest,BTC,0.00000334,$0.12027507,approved / BTC Interest Earned,$0.00,2021-01-17 01:00:03
NXTqzZwwBIlJd,Interest,BTC,0.00000333,$0.1226106,approved / BTC Interest Earned,$0.00,2021-01-16 01:00:03
NXTbN0VJICTFq,Interest,BTC,0.00000333,$0.130536,approved / BTC Interest Earned,$0.00,2021-01-15 01:00:02
NXT7N4pO4kmhT,Interest,BTC,0.00000333,$0.124378497,approved / BTC Interest Earned,$0.00,2021-01-14 01:00:03
NXTZqMsBLwUZP,Interest,BTC,0.00000333,$0.113451435,approved / BTC Interest Earned,$0.00,2021-01-13 01:00:02
NXT87RZcqBTQ3,Interest,BTC,0.00000333,$0.11818836,approved / BTC Interest Earned,$0.00,2021-01-12 01:00:03
NXTBmyxvfcAA8,Interest,BTC,0.00000333,$0.127247625,approved / BTC Interest Earned,$0.00,2021-01-11 01:00:02
NXT5GTKHVZvzp,Interest,BTC,0.00000333,$0.134054811,approved / BTC Interest Earned,$0.00,2021-01-10 01:00:02
NXTxI5tKDywYM,Interest,BTC,0.00000333,$0.135270261,approved / BTC Interest Earned,$0.00,2021-01-09 01:00:02
NXTZV9g6qPdMh,Interest,BTC,0.00000333,$0.131442426,approved / BTC Interest Earned,$0.00,2021-01-08 01:00:03
NXTiOLmameEi4,Interest,BTC,0.00000333,$0.122761116,approved / BTC Interest Earned,$0.00,2021-01-07 01:00:02
NXTjHNHxNMNZ8,Interest,BTC,0.00000333,$0.113186367,approved / BTC Interest Earned,$0.00,2021-01-06 01:00:03
NXTVYBf91Fh7D,Interest,BTC,0.00000333,$0.10668987,approved / BTC Interest Earned,$0.00,2021-01-05 01:00:02
NXT6dlzYo0jvW,Interest,BTC,0.00000333,$0.109889001,approved / BTC Interest Earned,$0.00,2021-01-04 01:00:02
NXTQJOpHaDz6S,Interest,BTC,0.00000333,$0.107250975,approved / BTC Interest Earned,$0.00,2021-01-03 01:00:03
NXT22HbBNUTTt,Interest,BTC,0.00000333,$0.0978354,approved / BTC Interest Earned,$0.00,2021-01-02 01:00:02
NXTxY1S8BWjVv,Interest,BTC,0.00000333,$0.09651006,approved / BTC Interest Earned,$0.00,2021-01-01 01:00:02
NXTRVEkrcca3y,Interest,BTC,0.00000333,$0.096158412,approved / BTC Interest Earned,$0.00,2020-12-31 01:00:02
NXTIq4tzhRpzb,Interest,BTC,0.00000333,$0.09121203,approved / BTC Interest Earned,$0.00,2020-12-30 01:00:02
NXTjstMlXUJxm,Deposit,NEXO,212.74233871,$124.56063931471,approved / 0xc6acdcc68da258e094701b7d7a21ef50f49e1fde1e50193948502f9e1c2890bf,$0.00,2020-12-29 02:42:03
NXTOlcWp5afCC,Withdrawal,BTC,-0.00500000,$134.483,approved / BTC withdrawal,$0.00,2020-12-29 01:20:20
NXTxKkatOxAuC,Interest,BTC,0.00000345,$0.093238665,approved / BTC Interest Earned,$0.00,2020-12-29 01:00:02
NXTnAEyHj9MUt,Interest,BTC,0.00000345,$0.090489015,approved / BTC Interest Earned,$0.00,2020-12-28 01:00:03
NXTnsJ2iw7r57,Interest,BTC,0.00000345,$0.091225245,approved / BTC Interest Earned,$0.00,2020-12-27 01:00:02
NXT7GvUpAf2Qy,Interest,BTC,0.00000345,$0.085187745,approved / BTC Interest Earned,$0.00,2020-12-26 01:00:03
NXT0OBVuWLHqv,Interest,BTC,0.00000345,$0.081810885,approved / BTC Interest Earned,$0.00,2020-12-25 01:00:02
NXT8lWKtIQOYo,Interest,BTC,0.00000345,$0.08021526,approved / BTC Interest Earned,$0.00,2020-12-24 01:00:02
NXTykE9zgp4tS,Interest,BTC,0.00000345,$0.082200735,approved / BTC Interest Earned,$0.00,2020-12-23 01:00:03
NXTikl7kxVQON,Interest,BTC,0.00000345,$0.07838055,approved / BTC Interest Earned,$0.00,2020-12-22 01:00:02
NXTD4vjhDMUi1,Interest,BTC,0.00000345,$0.081008415,approved / BTC Interest Earned,$0.00,2020-12-21 01:00:02
NXTqewpYjYi4v,Interest,BTC,0.00000345,$0.082371855,approved / BTC Interest Earned,$0.00,2020-12-20 01:00:03
NXTbZgbJfZJMK,Interest,BTC,0.00000345,$0.079833,approved / BTC Interest Earned,$0.00,2020-12-19 01:00:02
NXTlGBHWzXPgw,Interest,BTC,0.00000345,$0.078802485,approved / BTC Interest Earned,$0.00,2020-12-18 01:00:02
NXTaRYEO5tCkv,Interest,BTC,0.00000345,$0.073754445,approved / BTC Interest Earned,$0.00,2020-12-17 01:00:02
NXTGM9h9pheCL,Interest,BTC,0.00000345,$0.067049715,approved / BTC Interest Earned,$0.00,2020-12-16 01:00:03
NXTAFzK2EdhFg,Interest,BTC,0.00000345,$0.06651945,approved / BTC Interest Earned,$0.00,2020-12-15 01:00:02
NXTKtFmVko9rF,Interest,BTC,0.00000344,$0.065924504,approved / BTC Interest Earned,$0.00,2020-12-14 01:00:03
NXT7KzI6s7jOk,Interest,BTC,0.00000344,$0.064716032,approved / BTC Interest Earned,$0.00,2020-12-13 01:00:02
NXTkIWvXb9SA6,Interest,BTC,0.00000344,$0.06212124,approved / BTC Interest Earned,$0.00,2020-12-12 01:00:02
NXTvf8mCHllt2,Interest,BTC,0.00000344,$0.062767616,approved / BTC Interest Earned,$0.00,2020-12-11 01:00:03
NXTyPc4wKDrbd,Interest,BTC,0.00000344,$0.063806496,approved / BTC Interest Earned,$0.00,2020-12-10 01:00:02
NXTJbssZecStB,Interest,BTC,0.00000344,$0.063022176,approved / BTC Interest Earned,$0.00,2020-12-09 01:00:02
NXTKXgoVc9gV3,Interest,BTC,0.00000344,$0.06595684,approved / BTC Interest Earned,$0.00,2020-12-08 01:00:02
NXTQeUTFGlSc1,Interest,BTC,0.00000344,$0.0666844,approved / BTC Interest Earned,$0.00,2020-12-07 01:00:02
NXTuGhuI2aDBh,Interest,BTC,0.00000344,$0.06588632,approved / BTC Interest Earned,$0.00,2020-12-06 01:00:02
NXTYYtdLsliYu,Interest,BTC,0.00000344,$0.064187304,approved / BTC Interest Earned,$0.00,2020-12-05 01:00:03
NXTXT1IvLJ2OG,Interest,BTC,0.00000344,$0.066900088,approved / BTC Interest Earned,$0.00,2020-12-04 01:00:03
NXTP4pXA3UxrY,Interest,BTC,0.00000344,$0.066135376,approved / BTC Interest Earned,$0.00,2020-12-03 01:00:02
NXTNIAmosSX40,Interest,BTC,0.00000344,$0.064600448,approved / BTC Interest Earned,$0.00,2020-12-02 01:00:03
NXTNB3ygazjEx,Interest,BTC,0.00000344,$0.06766308,approved / BTC Interest Earned,$0.00,2020-12-01 01:00:02
NXTrUTKAc3hvK,Interest,BTC,0.00000344,$0.062572568,approved / BTC Interest Earned,$0.00,2020-11-30 01:00:03
NXTOiqjqhFdbO,Interest,BTC,0.00000344,$0.06099808,approved / BTC Interest Earned,$0.00,2020-11-29 01:00:02
NXToEDfjq0HYG,Interest,BTC,0.00000344,$0.058964696,approved / BTC Interest Earned,$0.00,2020-11-28 01:00:02
NXTRK7TJVa9oZ,Interest,BTC,0.00000344,$0.059030056,approved / BTC Interest Earned,$0.00,2020-11-27 01:00:02
NXTlckhBdj5jS,Interest,BTC,0.00000344,$0.0644828,approved / BTC Interest Earned,$0.00,2020-11-26 01:00:03
NXTI9wCQTfnIp,Interest,BTC,0.00000344,$0.065968192,approved / BTC Interest Earned,$0.00,2020-11-25 01:00:03
NXTVrI9hFJS2J,Interest,BTC,0.00000344,$0.063254032,approved / BTC Interest Earned,$0.00,2020-11-24 01:00:02
NXT8XPuyozdUn,Interest,BTC,0.00000344,$0.063468,approved / BTC Interest Earned,$0.00,2020-11-23 01:00:03
NXT33Wy4FNfwE,Interest,BTC,0.00000343,$0.064141343,approved / BTC Interest Earned,$0.00,2020-11-22 01:00:03
NXTzY63uHxfeA,Interest,BTC,0.00000343,$0.064105328,approved / BTC Interest Earned,$0.00,2020-11-21 01:00:02
NXTT6ZlhgRkcJ,Interest,BTC,0.00000343,$0.061142837,approved / BTC Interest Earned,$0.00,2020-11-20 01:00:03
NXTzhOz50rsBU,Interest,BTC,0.00000343,$0.061054,approved / BTC Interest Earned,$0.00,2020-11-19 01:00:02
NXTfhrMK8uDxh,Interest,BTC,0.00000343,$0.060655434,approved / BTC Interest Earned,$0.00,2020-11-18 01:00:03
NXTTon2CWfoKD,Interest,BTC,0.00000343,$0.057330392,approved / BTC Interest Earned,$0.00,2020-11-17 01:00:02
NXTQXbVAoLG9J,Interest,BTC,0.00000343,$0.05476681,approved / BTC Interest Earned,$0.00,2020-11-16 01:00:03
NXTciBAuEcut2,Interest,BTC,0.00000343,$0.055193159,approved / BTC Interest Earned,$0.00,2020-11-15 01:00:02
NXTCmiBf30oRv,Interest,BTC,0.00000343,$0.056057519,approved / BTC Interest Earned,$0.00,2020-11-14 01:00:03
NXTg9PTTqQIBe,Interest,BTC,0.00000343,$0.055902826,approved / BTC Interest Earned,$0.00,2020-11-13 01:00:02
NXTNKJlswfrw9,Interest,BTC,0.00000343,$0.053880498,approved / BTC Interest Earned,$0.00,2020-11-12 01:00:02
NXT2CdRPt6jgm,Interest,BTC,0.00000343,$0.05254417,approved / BTC Interest Earned,$0.00,2020-11-11 01:00:02
NXTwsR9KxubgG,Interest,BTC,0.00000343,$0.052557204,approved / BTC Interest Earned,$0.00,2020-11-10 01:00:02
NXTpSf7wIynLf,Interest,BTC,0.00000343,$0.053111149,approved / BTC Interest Earned,$0.00,2020-11-09 01:00:02
NXT2uefgxcIBE,Interest,BTC,0.00000343,$0.050891939,approved / BTC Interest Earned,$0.00,2020-11-08 01:00:03
NXTq91Vg6jWgQ,Interest,BTC,0.00000343,$0.053487077,approved / BTC Interest Earned,$0.00,2020-11-07 01:00:02
NXTBa6ug9IAUx,Interest,BTC,0.00000343,$0.05354916,approved / BTC Interest Earned,$0.00,2020-11-06 01:00:02
NXTfvZinChWaH,Interest,BTC,0.00000343,$0.048588008,approved / BTC Interest Earned,$0.00,2020-11-05 01:00:02
NXT2r5tMth2AR,Interest,BTC,0.00000343,$0.048081397,approved / BTC Interest Earned,$0.00,2020-11-04 01:00:02
NXTZbblZsWzHf,Interest,BTC,0.00000343,$0.046552646,approved / BTC Interest Earned,$0.00,2020-11-03 01:00:03
NXTBPjvCgdPIe,Interest,BTC,0.00000343,$0.047186167,approved / BTC Interest Earned,$0.00,2020-11-02 01:00:02
NXTdibSn8qf29,Interest,BTC,0.00000342,$0.04722849,approved / BTC Interest Earned,$0.00,2020-11-01 01:00:02
NXTveoJQqyxju,Interest,BTC,0.00000240,$0.03254856,approved / BTC Interest Earned,$0.00,2020-10-31 01:00:02
NXTbjt7ZYEnPX,Deposit,BTC,0.00763495,$103.504726665,approved / 01bc7eaa7274b77f6badad51e3c09420af2c696636ec51e81e751a35b748042d,$0.00,2020-10-30 21:24:08
NXTTZ6rSS6Ins,Withdrawal,XRP,-180.14488800,$42.874483344,approved / XRP withdrawal,$0.00,2020-10-30 16:36:44
NXTztWLWm9Q0g,Interest,XRP,0.02407865,$0.005838591052,approved / XRP Interest Earned,$0.00,2020-10-30 01:00:02
NXTHzBWGSfelc,Interest,BTC,0.00000240,$0.03229344,approved / BTC Interest Earned,$0.00,2020-10-30 01:00:02
NXTufmUfcZB2C,Interest,BTC,0.00000240,$0.03187056,approved / BTC Interest Earned,$0.00,2020-10-29 01:00:02
NXTIM3gnEeYA1,Interest,XRP,0.02407543,$0.0059042584532,approved / XRP Interest Earned,$0.00,2020-10-29 01:00:02
NXT6IRQGqLxjU,Interest,BTC,0.00000193,$0.026377696,approved / BTC Interest Earned,$0.00,2020-10-28 01:00:02
NXTrezoW4Whz8,Interest,XRP,0.01935107,$0.0048758891079,approved / XRP Interest Earned,$0.00,2020-10-28 01:00:02
NXTRr40Mc7o5O,Interest,BTC,0.00000193,$0.025220854,approved / BTC Interest Earned,$0.00,2020-10-27 01:00:02
NXTDDcObqIYL2,Interest,XRP,0.01934900,$0.00480261529,approved / XRP Interest Earned,$0.00,2020-10-27 01:00:02
NXTzwtDY43Nq1,Interest,BTC,0.00000193,$0.025141917,approved / BTC Interest Earned,$0.00,2020-10-26 01:00:02
NXT3P6mWykMqb,Interest,XRP,0.01934692,$0.004896705452,approved / XRP Interest Earned,$0.00,2020-10-26 01:00:02
NXTpI4GQluj6f,Interest,BTC,0.00000193,$0.025256752,approved / BTC Interest Earned,$0.00,2020-10-25 01:00:03
NXTaeceg05TMJ,Interest,XRP,0.01934484,$0.0049524724884,approved / XRP Interest Earned,$0.00,2020-10-25 01:00:03
NXTGpafnzsbe9,Interest,XRP,0.01934276,$0.0049157690264,approved / XRP Interest Earned,$0.00,2020-10-24 01:00:02
NXT2C943E3Ltn,Interest,BTC,0.00000193,$0.024994272,approved / BTC Interest Earned,$0.00,2020-10-24 01:00:02
NXTblzYHikJwG,Interest,BTC,0.00000086,$0.011214658,approved / BTC Interest Earned,$0.00,2020-10-23 01:00:02
NXTSfUphJmJW6,Deposit,BTC,0.01000000,$131.299,approved / a6fed81a5d54e29d86845f81435a26feba73269a890a3867da5cc8cbe96bdaa3,$0.00,2020-10-22 23:06:50
NXTB55PiQ1ahP,Deposit,XRP,180.00000000,$47.178,approved / A864479EAD657CAC95CEB38345C6A407D19ABBE72F5857604228B5A369F71E46,$0.00,2020-10-22 22:59:00
NXTXAstZDjgVM,Interest,BTC,0.00000086,$0.011176044,approved / BTC Interest Earned,$0.00,2020-10-22 01:00:02
NXTLoSXU4gKBW,Interest,BTC,0.00000086,$0.01028216,approved / BTC Interest Earned,$0.00,2020-10-21 01:00:03
NXT0RvJ8Odl7k,Interest,BTC,0.00000086,$0.01010457,approved / BTC Interest Earned,$0.00,2020-10-20 01:00:02
NXTZT24BTUuAC,Interest,BTC,0.00000085,$0.009753665,approved / BTC Interest Earned,$0.00,2020-10-19 01:00:02
NXTCO8AXckF5h,Interest,BTC,0.00000085,$0.00964631,approved / BTC Interest Earned,$0.00,2020-10-18 01:00:03
NXTEShl1DVOTH,Interest,BTC,0.00000085,$0.0096509,approved / BTC Interest Earned,$0.00,2020-10-17 01:00:03
NXTXhYxFyzxiF,Interest,BTC,0.00000085,$0.009760125,approved / BTC Interest Earned,$0.00,2020-10-16 01:00:03
NXTv5EybN7gbm,Deposit,BTC,0.00800000,$90.7352,approved / 154a145f5f36d3fa4b37e2c884fff41cfb3b6b85ee2dc3d3fdad886be99e41aa,$0.00,2020-10-14 20:56:08