DATE,TYPE,FROMPORTFOLIO,TOPORTFOLIO,OUTAMOUNT,OUTCURRENCY,FEEAMOUNT,FEECURRENCY,TOADDRESS,OUTTXID,OUTTXURL,INAMOUNT,INCURRENCY,INTXID,INTXURL,ORDERID,PERSONALNOTE
Tue Oct 20 2020 09:43:04 GMT-0700 (Pacific Daylight Time),deposit,,exodus_0,,,,,,,,0.022,BTC,e32b7e08f4df87b3876c0586454d9f621b8b8eda057cbb6c702a425937381a8b,https://mempool.space/tx/e32b7e08f4df87b3876c0586454d9f621b8b8eda057cbb6c702a425937381a8b,,
Tue Oct 20 2020 09:50:28 GMT-0700 (Pacific Daylight Time),deposit,,exodus_0,,,,,,,,0.24785835,ETH,0x3195c8c881cadd51274d5b0dc623e63d77bb64f8ef60463c577174af5fc35a63,https://etherscan.io/tx/0x3195c8c881cadd51274d5b0dc623e63d77bb64f8ef60463c577174af5fc35a63,,
Tue Oct 20 2020 10:07:05 GMT-0700 (Pacific Daylight Time),deposit,,exodus_0,,,,,,,,0.02,BTC,f7c5ed39ef757232162069cf8a0d265d3294127fa007234995c5732a438ef8f0,https://mempool.space/tx/f7c5ed39ef757232162069cf8a0d265d3294127fa007234995c5732a438ef8f0,,
Tue Oct 20 2020 10:11:05 GMT-0700 (Pacific Daylight Time),deposit,,exodus_0,,,,,,,,6.67048949,LINK,0x7172ff39fa6665e4a0c7c752b6762d5a37567e0433e87719c0949159497dc860,https://etherscan.io/tx/0x7172ff39fa6665e4a0c7c752b6762d5a37567e0433e87719c0949159497dc860,,
Tue Oct 20 2020 10:11:48 GMT-0700 (Pacific Daylight Time),deposit,,exodus_0,,,,,,,,32.956798,XTZ,oo8dwmpTvUqJc2rWoLcfKdDqrQrP9Hxt93rsTPxsuac4bjuAmvU,https://tzstats.com/operation/oo8dwmpTvUqJc2rWoLcfKdDqrQrP9Hxt93rsTPxsuac4bjuAmvU,,
Tue Oct 20 2020 10:13:48 GMT-0700 (Pacific Daylight Time),withdrawal,exodus_0,,0,XTZ,-0.00142,XTZ,tz1aRoaRhSpRYvFdyvgWLL6TGyRoGF51wDjM,opSHK8w3WPK9M4aNZ3QtZtLx69AJMg45UbZ1kD9Q7PwAvmVxVar,https://tzstats.com/operation/opSHK8w3WPK9M4aNZ3QtZtLx69AJMg45UbZ1kD9Q7PwAvmVxVar,,,,,,
Tue Oct 20 2020 10:41:06 GMT-0700 (Pacific Daylight Time),deposit,,exodus_0,,,,,,,,0.00846759,BTC,3b4b2ceb98da33b3b2cc902c4f41056fc20bb3e1cc86c1d03fab6e785ff568fc,https://mempool.space/tx/3b4b2ceb98da33b3b2cc902c4f41056fc20bb3e1cc86c1d03fab6e785ff568fc,,
Tue Oct 20 2020 10:41:20 GMT-0700 (Pacific Daylight Time),deposit,,exodus_0,,,,,,,,15.1,DAI,0x2be5cdb9afb0abb3257e025511542e44e2d925c457cf0ca5b84a3af705e7771c,https://etherscan.io/tx/0x2be5cdb9afb0abb3257e025511542e44e2d925c457cf0ca5b84a3af705e7771c,,
Tue Oct 20 2020 10:41:54 GMT-0700 (Pacific Daylight Time),deposit,,exodus_0,,,,,,,,728.71954486,CDAI,0xaee5bfa1974f441904ccf9ba0041a0286aed734b06136cb49a2c77c96ab04934,https://etherscan.io/tx/0xaee5bfa1974f441904ccf9ba0041a0286aed734b06136cb49a2c77c96ab04934,,
Tue Oct 20 2020 10:41:54 GMT-0700 (Pacific Daylight Time),withdrawal,exodus_0,,-15.1,DAI,-0.031229495,ETH,0x5d3a536e4d6dbd6114cc1ead35777bab948e3643,0xaee5bfa1974f441904ccf9ba0041a0286aed734b06136cb49a2c77c96ab04934,https://etherscan.io/tx/0xaee5bfa1974f441904ccf9ba0041a0286aed734b06136cb49a2c77c96ab04934,,,,,,
Tue Oct 20 2020 10:50:15 GMT-0700 (Pacific Daylight Time),deposit,,exodus_0,,,,,,,,11.36129,DAI,0x048007abc3be0c3f6d4241538ce173d10946b5c2e80eacbfb8f94cb36634cafa,https://etherscan.io/tx/0x048007abc3be0c3f6d4241538ce173d10946b5c2e80eacbfb8f94cb36634cafa,,
Tue Oct 20 2020 10:51:37 GMT-0700 (Pacific Daylight Time),deposit,,exodus_0,,,,,,,,548.29074451,CDAI,0x8e49cc0cef48c45cf160ef1e7e482ff22e05670d657cd6d223562db091b4acd9,https://etherscan.io/tx/0x8e49cc0cef48c45cf160ef1e7e482ff22e05670d657cd6d223562db091b4acd9,,
Tue Oct 20 2020 10:51:37 GMT-0700 (Pacific Daylight Time),withdrawal,exodus_0,,-11.36129,DAI,-0.0359697975,ETH,0x5d3a536e4d6dbd6114cc1ead35777bab948e3643,0x8e49cc0cef48c45cf160ef1e7e482ff22e05670d657cd6d223562db091b4acd9,https://etherscan.io/tx/0x8e49cc0cef48c45cf160ef1e7e482ff22e05670d657cd6d223562db091b4acd9,,,,,,
Tue Oct 20 2020 11:58:48 GMT-0700 (Pacific Daylight Time),deposit,,exodus_0,,,,,,,,7.160001,XTZ,oo7RaeAkgBDYaupaKHdk4LuZ94Ymg4YVBtfhbVQcsQbm7kyLPpK,https://tzstats.com/operation/oo7RaeAkgBDYaupaKHdk4LuZ94Ymg4YVBtfhbVQcsQbm7kyLPpK,,
Tue Oct 20 2020 12:06:05 GMT-0700 (Pacific Daylight Time),deposit,,exodus_0,,,,,,,,3.94613714,LINK,0xc33198a1709569f1621bcc946b60f24ba680beae80bff63906734f7998c6b84e,https://etherscan.io/tx/0xc33198a1709569f1621bcc946b60f24ba680beae80bff63906734f7998c6b84e,,
Tue Oct 20 2020 12:08:38 GMT-0700 (Pacific Daylight Time),deposit,,exodus_0,,,,,,,,14.905768,UNI,0x9151f013ed47be1cc6fb3619ab151bb66493a2c0aa4e097d55eaa8c355e9c6d2,https://etherscan.io/tx/0x9151f013ed47be1cc6fb3619ab151bb66493a2c0aa4e097d55eaa8c355e9c6d2,,
Tue Oct 20 2020 12:40:08 GMT-0700 (Pacific Daylight Time),deposit,,exodus_0,,,,,,,,0.0687,MKR,0x30c41a0afbe9594af3cdfe3d63624d54487cbd0c5af8b340c59740ded9bd3309,https://etherscan.io/tx/0x30c41a0afbe9594af3cdfe3d63624d54487cbd0c5af8b340c59740ded9bd3309,,
Tue Oct 20 2020 12:43:05 GMT-0700 (Pacific Daylight Time),deposit,,exodus_0,,,,,,,,70.80712482,KNCL,0x494f481cf0dba7c055adda7e919c88df37fcde4d2e29516b5158579941d5cb4c,https://etherscan.io/tx/0x494f481cf0dba7c055adda7e919c88df37fcde4d2e29516b5158579941d5cb4c,,
Tue Oct 20 2020 12:46:25 GMT-0700 (Pacific Daylight Time),deposit,,exodus_0,,,,,,,,0.71620485,LTC,f1e4111f9ae857737354896e6a65864a64a65098dc25087183b2765fc6dec880,https://live.blockcypher.com/ltc/tx/f1e4111f9ae857737354896e6a65864a64a65098dc25087183b2765fc6dec880,,
Tue Oct 20 2020 12:49:34 GMT-0700 (Pacific Daylight Time),deposit,,exodus_0,,,,,,,,0.06884501,ETH,0xdb4515de2c72f7b95da2bb585f6c19faddc213d767ae37602256cd5b38a87eb2,https://etherscan.io/tx/0xdb4515de2c72f7b95da2bb585f6c19faddc213d767ae37602256cd5b38a87eb2,,
Tue Oct 20 2020 12:54:19 GMT-0700 (Pacific Daylight Time),deposit,,exodus_0,,,,,,,,0.202,NMR,0x07fe2b2fbbcd420ddd19777e8d0a791998891855a89bb917f1360a20a5ee6105,https://etherscan.io/tx/0x07fe2b2fbbcd420ddd19777e8d0a791998891855a89bb917f1360a20a5ee6105,,
Tue Oct 20 2020 12:58:47 GMT-0700 (Pacific Daylight Time),deposit,,exodus_0,,,,,,,,126.7228,XLM,030b2ad98e899f97a29e7078bc3afe1954a2fdbbbf6a5a3b25ec597d83b149e2,https://stellar.expert/explorer/public/tx/030b2ad98e899f97a29e7078bc3afe1954a2fdbbbf6a5a3b25ec597d83b149e2,,
Tue Oct 20 2020 13:04:26 GMT-0700 (Pacific Daylight Time),deposit,,exodus_0,,,,,,,,0.00950931,MKR,0xd199e741d14c00e5b32d081a187e6a4a7577a3aa97c693648b3050cdff9616af,https://etherscan.io/tx/0xd199e741d14c00e5b32d081a187e6a4a7577a3aa97c693648b3050cdff9616af,,
Tue Oct 20 2020 13:10:37 GMT-0700 (Pacific Daylight Time),deposit,,exodus_0,,,,,,,,26.36278425,ZRX,0xd1eac3b1a2eceedb504e9feb8d415f576c60576a4dd10a5004e9d7ec54fe659d,https://etherscan.io/tx/0xd1eac3b1a2eceedb504e9feb8d415f576c60576a4dd10a5004e9d7ec54fe659d,,
Tue Oct 20 2020 13:26:11 GMT-0700 (Pacific Daylight Time),deposit,,exodus_0,,,,,,,,3.209609,ATOM,242FF1A93EE1B44624ED226466D6EA8DC7CD100B0B6335636ECB6506A867CB07,https://www.mintscan.io/cosmos/txs/242FF1A93EE1B44624ED226466D6EA8DC7CD100B0B6335636ECB6506A867CB07,,
Tue Oct 20 2020 13:29:24 GMT-0700 (Pacific Daylight Time),withdrawal,exodus_0,,0,ATOM,-0.003102,ATOM,,E6FEB24E70FC0621C7790DE4339C45E97EEEB364CA3AA86974B4069534D0C874,https://www.mintscan.io/cosmos/txs/E6FEB24E70FC0621C7790DE4339C45E97EEEB364CA3AA86974B4069534D0C874,,,,,,
Tue Oct 20 2020 16:00:22 GMT-0700 (Pacific Daylight Time),deposit,,exodus_0,,,,,,,,94.27772,XRP,BD0F030021088DF431FC321A2DA3FE3AE7EE9E7AC5AC34EBF246F492BB05D78F,https://xrpscan.com/tx/BD0F030021088DF431FC321A2DA3FE3AE7EE9E7AC5AC34EBF246F492BB05D78F,,
Tue Oct 20 2020 16:56:41 GMT-0700 (Pacific Daylight Time),deposit,,exodus_0,,,,,,,,185.416201,XRP,0E6FD2B9876A4597DC2D538D014DF276064A68D13BE311E61CF9DA0FD24C3826,https://xrpscan.com/tx/0E6FD2B9876A4597DC2D538D014DF276064A68D13BE311E61CF9DA0FD24C3826,,
Thu Oct 22 2020 13:58:51 GMT-0700 (Pacific Daylight Time),withdrawal,exodus_0,,-180,XRP,-0.0003,XRP,rnuPTVikw8HKK4hBGCtnq2J2433VYaZPZQ,A864479EAD657CAC95CEB38345C6A407D19ABBE72F5857604228B5A369F71E46,https://xrpscan.com/tx/A864479EAD657CAC95CEB38345C6A407D19ABBE72F5857604228B5A369F71E46,,,,,,
Thu Oct 22 2020 14:05:43 GMT-0700 (Pacific Daylight Time),withdrawal,exodus_0,,-0.01,BTC,-0.0003402,BTC,3QbQdTkqUD1sVTgqwBvUgDYLURFZg7zZX4,a6fed81a5d54e29d86845f81435a26feba73269a890a3867da5cc8cbe96bdaa3,https://mempool.space/tx/a6fed81a5d54e29d86845f81435a26feba73269a890a3867da5cc8cbe96bdaa3,,,,,,
Fri Oct 23 2020 09:57:25 GMT-0700 (Pacific Daylight Time),deposit,,exodus_0,,,,,,,,2.920265,ATOM,8846E64D1595361091601CBBDF6885873AFC1AF532F994843192757BFE30F84D,https://www.mintscan.io/cosmos/txs/8846E64D1595361091601CBBDF6885873AFC1AF532F994843192757BFE30F84D,,
Fri Oct 23 2020 10:01:10 GMT-0700 (Pacific Daylight Time),deposit,,exodus_0,,,,,,,,0.647,NMR,0x80109465d07ec6569b7028386d04c712bdb8151798df739594ee12daa1e2212e,https://etherscan.io/tx/0x80109465d07ec6569b7028386d04c712bdb8151798df739594ee12daa1e2212e,,
Fri Oct 23 2020 10:05:49 GMT-0700 (Pacific Daylight Time),deposit,,exodus_0,,,,,,,,31.31812373,ZRX,0x4525e8da479696a0c640b0f22dfbfec0bb199457d4f97cf48e89d31ca3c09bcf,https://etherscan.io/tx/0x4525e8da479696a0c640b0f22dfbfec0bb199457d4f97cf48e89d31ca3c09bcf,,
Thu Oct 29 2020 10:59:11 GMT-0700 (Pacific Daylight Time),deposit,exodus_0,,,,,,,,,0.0065,ATOM,7EFF4703B79D697C678329C9FD06240A5EBE438B30BC07733F39956FB26E451B,https://www.mintscan.io/cosmos/txs/7EFF4703B79D697C678329C9FD06240A5EBE438B30BC07733F39956FB26E451B,,
Fri Oct 30 2020 08:35:40 GMT-0700 (Pacific Daylight Time),withdrawal,exodus_0,,-79.693321,XRP,-0.0003,XRP,rw2ciyaNshpHe7bCHo4bRWq6pqqynnWKQg,9B166CED8413782575510A0C1C6934B212171F94E05A693048B6CFEDF57E32DA,https://xrpscan.com/tx/9B166CED8413782575510A0C1C6934B212171F94E05A693048B6CFEDF57E32DA,,,,,,
Fri Oct 30 2020 08:58:35 GMT-0700 (Pacific Daylight Time),deposit,,exodus_0,,,,,,,,0.029,COMP,0x14e8f2c1336a991e7872d493a9c2e2fe2736b141059eeba2bb51f9513c296d81,https://etherscan.io/tx/0x14e8f2c1336a991e7872d493a9c2e2fe2736b141059eeba2bb51f9513c296d81,,
Sun Nov 01 2020 15:37:47 GMT-0800 (Pacific Standard Time),withdrawal,exodus_0,,-0.849,NMR,-0.0012125625,ETH,0x55a360afef20efc3ebfe4e19c6bdd4b086d615dc,0xd447dde2c3a60b3a4d37009312eeb3b3e40c85bbb88847a0da6e234c7e641e5c,https://etherscan.io/tx/0xd447dde2c3a60b3a4d37009312eeb3b3e40c85bbb88847a0da6e234c7e641e5c,,,,,,
Sun Nov 01 2020 16:01:04 GMT-0800 (Pacific Standard Time),withdrawal,exodus_0,,-0.71562885,LTC,-0.000576,LTC,MFEzsuXskNsutMSEYAumo9NAaVePztjZjt,776aced46d2ca92cb5cfa90838e5aece86c864d76a1e0113483d3a0f9fe2fe77,https://live.blockcypher.com/ltc/tx/776aced46d2ca92cb5cfa90838e5aece86c864d76a1e0113483d3a0f9fe2fe77,,,,,,
Mon Nov 02 2020 10:28:58 GMT-0800 (Pacific Standard Time),withdrawal,exodus_0,,-14.905768,UNI,-0.002177197573842438,ETH,0x037c748624d9886a8a989e371917ca6828be9c16,0x86b3a11555980b54addb5954704dd70a53ec4a800e8727f1c9bb2e3daefc246c,https://etherscan.io/tx/0x86b3a11555980b54addb5954704dd70a53ec4a800e8727f1c9bb2e3daefc246c,,,,,,
Wed Nov 04 2020 11:38:44 GMT-0800 (Pacific Standard Time),deposit,,exodus_0,,,,,,,,0.0066954,BTC,0c401eb9543615740f85feb0af0ef5bf89b3aa71354549e5213eb1dd0ef64dcd,https://mempool.space/tx/0c401eb9543615740f85feb0af0ef5bf89b3aa71354549e5213eb1dd0ef64dcd,,
Fri Nov 27 2020 10:07:14 GMT-0800 (Pacific Standard Time),deposit,,exodus_0,,,,,,,,0.019185,XTZ,oou1JCyjLWH7eaFZTcwAcgsL4QfbZbYmPzuUwF4vJtYrQTNTEr6,https://tzstats.com/operation/oou1JCyjLWH7eaFZTcwAcgsL4QfbZbYmPzuUwF4vJtYrQTNTEr6,,
Mon Nov 30 2020 03:45:32 GMT-0800 (Pacific Standard Time),deposit,,exodus_0,,,,,,,,0.017484,XTZ,oo41woS81yN2oqboDaY3Kn6iuPruriygiyR14aTqGeNq3sMgwz5,https://tzstats.com/operation/oo41woS81yN2oqboDaY3Kn6iuPruriygiyR14aTqGeNq3sMgwz5,,
Wed Dec 02 2020 17:08:46 GMT-0800 (Pacific Standard Time),deposit,,exodus_0,,,,,,,,0.017122,XTZ,ontobZGVkH3pKEbYZmCVvfnQfoFwFxZks26AosHrR1EtMbnRV9j,https://tzstats.com/operation/ontobZGVkH3pKEbYZmCVvfnQfoFwFxZks26AosHrR1EtMbnRV9j,,
Sun Dec 06 2020 07:39:22 GMT-0800 (Pacific Standard Time),deposit,,exodus_0,,,,,,,,0.017015,XTZ,onegvkPJqydSvbn43e1UJTU2REXvFe5pSuW5FShN44XDNpWufPC,https://tzstats.com/operation/onegvkPJqydSvbn43e1UJTU2REXvFe5pSuW5FShN44XDNpWufPC,,
Tue Dec 08 2020 11:51:28 GMT-0800 (Pacific Standard Time),deposit,,exodus_0,,,,,,,,0.014632,XTZ,opHDsPV4Ss2hFegHkkWXmW3YFdPqfDWjNyFvbFdcfeCM3KwzQCf,https://tzstats.com/operation/opHDsPV4Ss2hFegHkkWXmW3YFdPqfDWjNyFvbFdcfeCM3KwzQCf,,
Fri Dec 11 2020 07:50:35 GMT-0800 (Pacific Standard Time),deposit,,exodus_0,,,,,,,,0.020258,XTZ,ooqTkJStN15rp7BzbY1jsLU22taHdZ9Mn4CCJ47hTg1aZ43GPTa,https://tzstats.com/operation/ooqTkJStN15rp7BzbY1jsLU22taHdZ9Mn4CCJ47hTg1aZ43GPTa,,
Mon Dec 14 2020 05:21:19 GMT-0800 (Pacific Standard Time),deposit,,exodus_0,,,,,,,,0.016667,XTZ,ooxC1YXusJtFPWCcAaaxpJRvPctMMshDFMrJZM6LVFS7oEezaMY,https://tzstats.com/operation/ooxC1YXusJtFPWCcAaaxpJRvPctMMshDFMrJZM6LVFS7oEezaMY,,
Thu Dec 17 2020 05:49:00 GMT-0800 (Pacific Standard Time),deposit,,exodus_0,,,,,,,,0.01725,XTZ,onzhbN64GwuizCWosKVbHTRyMsoWeEQthYvGqKvPQAjssFwuZ1Z,https://tzstats.com/operation/onzhbN64GwuizCWosKVbHTRyMsoWeEQthYvGqKvPQAjssFwuZ1Z,,
Sun Dec 20 2020 05:04:09 GMT-0800 (Pacific Standard Time),deposit,,exodus_0,,,,,,,,0.019395,XTZ,ongKAnHsRnKagzASZB6BRbrUEahvhGaQvhireMfFfRka3meeMv3,https://tzstats.com/operation/ongKAnHsRnKagzASZB6BRbrUEahvhGaQvhireMfFfRka3meeMv3,,
Wed Dec 23 2020 05:21:57 GMT-0800 (Pacific Standard Time),deposit,,exodus_0,,,,,,,,0.018379,XTZ,oo3De3X2VWhZDMekRTHGVKQGmj5vmRBsQ1cNL1xxL7ECkk7twQB,https://tzstats.com/operation/oo3De3X2VWhZDMekRTHGVKQGmj5vmRBsQ1cNL1xxL7ECkk7twQB,,
Fri Dec 25 2020 15:29:48 GMT-0800 (Pacific Standard Time),deposit,,exodus_0,,,,,,,,0.019756,XTZ,onqx29MNCVMoaCe3ySnKW1omjbPDDrGYQiwShs6goh4t4UDTyTg,https://tzstats.com/operation/onqx29MNCVMoaCe3ySnKW1omjbPDDrGYQiwShs6goh4t4UDTyTg,,
Mon Dec 28 2020 12:24:44 GMT-0800 (Pacific Standard Time),deposit,,exodus_0,,,,,,,,0.017539,XTZ,oonjo6RVc4mteEJ5g1Pns1q3Bputc4cRbZxBVgjGy15HTF2z5uH,https://tzstats.com/operation/oonjo6RVc4mteEJ5g1Pns1q3Bputc4cRbZxBVgjGy15HTF2z5uH,,
Fri Jan 01 2021 08:50:10 GMT-0800 (Pacific Standard Time),deposit,,exodus_0,,,,,,,,0.018438,XTZ,op3wmbhW2JA5zs99p7UN9Km3NTHCUkKiXvPaNuJiWtg6FBr5KwJ,https://tzstats.com/operation/op3wmbhW2JA5zs99p7UN9Km3NTHCUkKiXvPaNuJiWtg6FBr5KwJ,,
Sun Jan 03 2021 09:15:55 GMT-0800 (Pacific Standard Time),deposit,,exodus_0,,,,,,,,0.016927,XTZ,onmAqKd8EfnY7VB2RhMTbwnDsC6x7itnVKzkap1kk6hvDMTwmAr,https://tzstats.com/operation/onmAqKd8EfnY7VB2RhMTbwnDsC6x7itnVKzkap1kk6hvDMTwmAr,,
Wed Jan 06 2021 10:12:49 GMT-0800 (Pacific Standard Time),deposit,,exodus_0,,,,,,,,0.017358,XTZ,oo9CMjMjhUAxznPNwhRVFdimRVMVMGhBekFHHpcod9PriKqVN8j,https://tzstats.com/operation/oo9CMjMjhUAxznPNwhRVFdimRVMVMGhBekFHHpcod9PriKqVN8j,,
Sat Jan 09 2021 08:41:43 GMT-0800 (Pacific Standard Time),deposit,,exodus_0,,,,,,,,0.015163,XTZ,ooJ16YgZEKFrrAtMJXJmFGNLrK3najPgxxHnELZXJxF1DCvZizy,https://tzstats.com/operation/ooJ16YgZEKFrrAtMJXJmFGNLrK3najPgxxHnELZXJxF1DCvZizy,,
Mon Jan 11 2021 13:08:38 GMT-0800 (Pacific Standard Time),deposit,,exodus_0,,,,,,,,0.01396693,BTC,483d1e59f708b54cf183c04e0245dfc85f537c2d4a0e009b9acc2b30960f2e47,https://mempool.space/tx/483d1e59f708b54cf183c04e0245dfc85f537c2d4a0e009b9acc2b30960f2e47,,
Tue Jan 12 2021 08:47:21 GMT-0800 (Pacific Standard Time),deposit,,exodus_0,,,,,,,,0.017208,XTZ,oo8bRVLAmuqMWcusnW6LnJmSx1Z6bw6C233SDuiBD65LV7BWKZZ,https://tzstats.com/operation/oo8bRVLAmuqMWcusnW6LnJmSx1Z6bw6C233SDuiBD65LV7BWKZZ,,
Fri Jan 15 2021 10:31:31 GMT-0800 (Pacific Standard Time),deposit,,exodus_0,,,,,,,,0.017341,XTZ,ooyVHQXuTtyTmr7X61qtQBEGpnKVTu4RfJpkpkepG5XYdTWnmbw,https://tzstats.com/operation/ooyVHQXuTtyTmr7X61qtQBEGpnKVTu4RfJpkpkepG5XYdTWnmbw,,
Mon Jan 18 2021 19:10:58 GMT-0800 (Pacific Standard Time),deposit,,exodus_0,,,,,,,,0.016972,XTZ,op6vXqSTPnnv6cYQXQLpAdgLG9gLQ4xYGQJrYpVGnQb3D65f7Bx,https://tzstats.com/operation/op6vXqSTPnnv6cYQXQLpAdgLG9gLQ4xYGQJrYpVGnQb3D65f7Bx,,
Thu Jan 21 2021 09:05:20 GMT-0800 (Pacific Standard Time),deposit,,exodus_0,,,,,,,,0.5559999,ETH,0x15d4ebffff820880a04012406ae97f2257f84f8705fa3b327d3a3b2506454dc7,https://etherscan.io/tx/0x15d4ebffff820880a04012406ae97f2257f84f8705fa3b327d3a3b2506454dc7,,
Thu Jan 21 2021 09:05:23 GMT-0800 (Pacific Standard Time),deposit,,exodus_0,,,,,,,,0.015809,XTZ,op9DLztpYmHNLKdyQmHYGM9WcqyYhoSnzcpSydpVKmQQXME3sdn,https://tzstats.com/operation/op9DLztpYmHNLKdyQmHYGM9WcqyYhoSnzcpSydpVKmQQXME3sdn,,
Thu Jan 21 2021 10:04:11 GMT-0800 (Pacific Standard Time),deposit,,exodus_0,,,,,,,,0.00579316,BTC,e8d651fc667a95a73370df71439ba3f84493cc00a3d08b07390d49a365fca16f,https://mempool.space/tx/e8d651fc667a95a73370df71439ba3f84493cc00a3d08b07390d49a365fca16f,,
Thu Jan 21 2021 15:35:32 GMT-0800 (Pacific Standard Time),withdrawal,exodus_0,,-0.01,BTC,-0.00025452,BTC,3JuvsEzyfo8fDCx1nvu2WKwTBWbocBqpEW,d4d955cf9d249a98fb6652cc06ec3a61560c8dd908cd29472dfab09925e9f290,https://mempool.space/tx/d4d955cf9d249a98fb6652cc06ec3a61560c8dd908cd29472dfab09925e9f290,,,,,,
Sun Jan 24 2021 11:36:13 GMT-0800 (Pacific Standard Time),deposit,,exodus_0,,,,,,,,0.018634,XTZ,ooRSGyfpXD73jkp89JvBD1LbmdtTYo1BwbK9jdt22hNvCUSVCyb,https://tzstats.com/operation/ooRSGyfpXD73jkp89JvBD1LbmdtTYo1BwbK9jdt22hNvCUSVCyb,,
Wed Jan 27 2021 07:19:40 GMT-0800 (Pacific Standard Time),deposit,,exodus_0,,,,,,,,0.016822,XTZ,opJxd9ajqkvVqDhEmoMMJyLnmVvHaWEneZca9d55tkDgxaygnut,https://tzstats.com/operation/opJxd9ajqkvVqDhEmoMMJyLnmVvHaWEneZca9d55tkDgxaygnut,,
Sat Jan 30 2021 01:16:09 GMT-0800 (Pacific Standard Time),deposit,,exodus_0,,,,,,,,0.018468,XTZ,ooLjgs3yoJXF7RmFzaS7N5E4r2zxbquvjYm2Un1Xnoh7vDXUAMA,https://tzstats.com/operation/ooLjgs3yoJXF7RmFzaS7N5E4r2zxbquvjYm2Un1Xnoh7vDXUAMA,,
Tue Feb 02 2021 00:37:16 GMT-0800 (Pacific Standard Time),deposit,,exodus_0,,,,,,,,0.017772,XTZ,opX2Vpd5nWUCxn3kohoFBTnFXjyc1aDqFAkW4HoE8HnXX8sub6q,https://tzstats.com/operation/opX2Vpd5nWUCxn3kohoFBTnFXjyc1aDqFAkW4HoE8HnXX8sub6q,,
Fri Feb 05 2021 04:54:27 GMT-0800 (Pacific Standard Time),deposit,,exodus_0,,,,,,,,0.017073,XTZ,oo3BvWEagbDqRt4SVZLgVWwmmt9XMnPtHJ4mgyKNBFAPcFiR2GE,https://tzstats.com/operation/oo3BvWEagbDqRt4SVZLgVWwmmt9XMnPtHJ4mgyKNBFAPcFiR2GE,,
Mon Feb 08 2021 03:43:59 GMT-0800 (Pacific Standard Time),deposit,,exodus_0,,,,,,,,0.015601,XTZ,oowfdc3R381GND9NtUS7cqhxU3kbix74woN97ojhnwDumm38iQo,https://tzstats.com/operation/oowfdc3R381GND9NtUS7cqhxU3kbix74woN97ojhnwDumm38iQo,,
Thu Feb 11 2021 02:04:46 GMT-0800 (Pacific Standard Time),deposit,,exodus_0,,,,,,,,0.016563,XTZ,onhtCiMFvqJMq3cDtoxzgAWgxoVWTzA1hELhjCwjkjKwYoCXfhZ,https://tzstats.com/operation/onhtCiMFvqJMq3cDtoxzgAWgxoVWTzA1hELhjCwjkjKwYoCXfhZ,,
Thu Feb 11 2021 15:18:52 GMT-0800 (Pacific Standard Time),deposit,,exodus_0,,,,,,,,1407.06990113,DOGE,26bb13541a29e09ac06e41b18a31ada04caa37bfbb49995c11a2fc071ccfc4ba,https://blockchair.com/dogecoin/transaction/26bb13541a29e09ac06e41b18a31ada04caa37bfbb49995c11a2fc071ccfc4ba,,
Sat Feb 13 2021 23:44:05 GMT-0800 (Pacific Standard Time),deposit,,exodus_0,,,,,,,,0.017996,XTZ,op2jAQigqbRceGjygxptSCcVazT14RLSxr3hv9HqVnDKtHqPVU5,https://tzstats.com/operation/op2jAQigqbRceGjygxptSCcVazT14RLSxr3hv9HqVnDKtHqPVU5,,
Wed Feb 17 2021 03:51:34 GMT-0800 (Pacific Standard Time),deposit,,exodus_0,,,,,,,,0.020348,XTZ,op28xdbqRj8nENoUp6fZpz1FYTNRefwLi1iYEkpGJi8PXLMLsqu,https://tzstats.com/operation/op28xdbqRj8nENoUp6fZpz1FYTNRefwLi1iYEkpGJi8PXLMLsqu,,
Sat Feb 20 2021 03:11:41 GMT-0800 (Pacific Standard Time),deposit,,exodus_0,,,,,,,,0.019876,XTZ,opMrZvPjkjAstKdExqwQWaZfvjN6xqEhtHKVKG63cvHZ2rXxN8N,https://tzstats.com/operation/opMrZvPjkjAstKdExqwQWaZfvjN6xqEhtHKVKG63cvHZ2rXxN8N,,
Mon Feb 22 2021 06:07:58 GMT-0800 (Pacific Standard Time),deposit,,exodus_0,,,,,,,,0.018243,XTZ,ooXpVk8zCamMbYKxU8vqLoQj6W6baD4vqJDqQtoXvY3UxLpqqZE,https://tzstats.com/operation/ooXpVk8zCamMbYKxU8vqLoQj6W6baD4vqJDqQtoXvY3UxLpqqZE,,
Mon Feb 22 2021 11:42:35 GMT-0800 (Pacific Standard Time),deposit,,exodus_0,,,,,,,,3.303775,UNI,0xef4f0d274ffe747dba7154549bc6a54ffc7c055d9a16539386d6151e98a6c83c,https://etherscan.io/tx/0xef4f0d274ffe747dba7154549bc6a54ffc7c055d9a16539386d6151e98a6c83c,,
Thu Feb 25 2021 06:46:03 GMT-0800 (Pacific Standard Time),deposit,,exodus_0,,,,,,,,0.018622,XTZ,opAwjt6LRbw8f1d4Q1mB55B2nt5EGtpHNRX9w7yV5EpoPVpTVFc,https://tzstats.com/operation/opAwjt6LRbw8f1d4Q1mB55B2nt5EGtpHNRX9w7yV5EpoPVpTVFc,,
Sun Feb 28 2021 00:51:09 GMT-0800 (Pacific Standard Time),deposit,,exodus_0,,,,,,,,0.017901,XTZ,oof5Z8g8n4MBKdpTyfsRDVfCPswaRaLZamYxbKi7QoopKy5cb82,https://tzstats.com/operation/oof5Z8g8n4MBKdpTyfsRDVfCPswaRaLZamYxbKi7QoopKy5cb82,,
Wed Mar 03 2021 01:05:44 GMT-0800 (Pacific Standard Time),deposit,,exodus_0,,,,,,,,0.017961,XTZ,opQW6msmTnH4n5ZQooyh4XxYmb5Q8wmw1A3npKyJnkyCmMee3dF,https://tzstats.com/operation/opQW6msmTnH4n5ZQooyh4XxYmb5Q8wmw1A3npKyJnkyCmMee3dF,,
Sat Mar 06 2021 00:30:39 GMT-0800 (Pacific Standard Time),deposit,,exodus_0,,,,,,,,0.017642,XTZ,onmvXYc7CXtoQS8KRYZW3CdC8nBXdt4ZkaMRFvWbaUme7Tsb9hS,https://tzstats.com/operation/onmvXYc7CXtoQS8KRYZW3CdC8nBXdt4ZkaMRFvWbaUme7Tsb9hS,,
Tue Mar 09 2021 06:47:18 GMT-0800 (Pacific Standard Time),deposit,,exodus_0,,,,,,,,0.017658,XTZ,ooZ7F68FV3w9HE7LzxgnV2UUrCLHoSYapGUykQpFH5BiGuEuTJW,https://tzstats.com/operation/ooZ7F68FV3w9HE7LzxgnV2UUrCLHoSYapGUykQpFH5BiGuEuTJW,,
Thu Mar 11 2021 11:07:30 GMT-0800 (Pacific Standard Time),deposit,,exodus_0,,,,,,,,0.016891,XTZ,ooSGuhM6ZAYypaoGhZpB4jUH8fEiFaG6GnYn234cUAnpcfRwkwo,https://tzstats.com/operation/ooSGuhM6ZAYypaoGhZpB4jUH8fEiFaG6GnYn234cUAnpcfRwkwo,,
Mon Mar 15 2021 10:00:45 GMT-0700 (Pacific Daylight Time),deposit,exodus_0,,,,,,,,,0.21264,ATOM,D887C121B4BFC8AAC12DEA8BE0FEE3156CBB37D96F69C7122DD6974DC3134BB2,https://www.mintscan.io/cosmos/txs/D887C121B4BFC8AAC12DEA8BE0FEE3156CBB37D96F69C7122DD6974DC3134BB2,,
Mon Mar 15 2021 10:01:00 GMT-0700 (Pacific Daylight Time),withdrawal,exodus_0,,0,ATOM,-0.0035,ATOM,,155AE8BABB2666231B4141B0C321B850C404B749D534C4EFE79B59B915E85232,https://www.mintscan.io/cosmos/txs/155AE8BABB2666231B4141B0C321B850C404B749D534C4EFE79B59B915E85232,,,,,,
Mon Mar 15 2021 10:04:39 GMT-0700 (Pacific Daylight Time),deposit,exodus_0,,,,,,,,,0.000003,ATOM,22E81C4CCDEE3F1F97110D676DD2E905D0475E8D5932514E6058CE497C7DAF68,https://www.mintscan.io/cosmos/txs/22E81C4CCDEE3F1F97110D676DD2E905D0475E8D5932514E6058CE497C7DAF68,,
Tue Mar 16 2021 21:24:40 GMT-0700 (Pacific Daylight Time),withdrawal,exodus_0,,-0.006913,BTC,-0.00023819,BTC,1M1T56NAeYLGfCEC1uydrJMA12jHuweJVY,4c34fd3fa2b9ad9513624d7c1f7879aeb72718b556186b6a839c8768fa2093ba,https://mempool.space/tx/4c34fd3fa2b9ad9513624d7c1f7879aeb72718b556186b6a839c8768fa2093ba,,,,,,
Wed Mar 17 2021 06:40:13 GMT-0700 (Pacific Daylight Time),deposit,,exodus_0,,,,,,,,0.016985,XTZ,oo3aaXCVDjPfNU5J5PFXxECZdPUHKZ3B3ex1wrstaCvnP6wizUW,https://tzstats.com/operation/oo3aaXCVDjPfNU5J5PFXxECZdPUHKZ3B3ex1wrstaCvnP6wizUW,,
Wed Mar 17 2021 07:43:13 GMT-0700 (Pacific Daylight Time),deposit,,exodus_0,,,,,,,,0.017346,XTZ,oo1Lw92ZHg1kWXshhydoGNxM2cgKVp5sGuXni41PnMhJ959SKyW,https://tzstats.com/operation/oo1Lw92ZHg1kWXshhydoGNxM2cgKVp5sGuXni41PnMhJ959SKyW,,
Sat Mar 20 2021 03:19:58 GMT-0700 (Pacific Daylight Time),deposit,,exodus_0,,,,,,,,0.017057,XTZ,oojyW6ZapMLvM6ZHL1uZUaVzpWtHucvsKzSDxENLF8PTzeTc1FB,https://tzstats.com/operation/oojyW6ZapMLvM6ZHL1uZUaVzpWtHucvsKzSDxENLF8PTzeTc1FB,,
Tue Mar 23 2021 01:40:18 GMT-0700 (Pacific Daylight Time),deposit,,exodus_0,,,,,,,,0.019818,XTZ,opTBEjLJsqriPLjXn4kSFcfHYEzA9sfnvGUUjfzNCUxQxWFr2Ld,https://tzstats.com/operation/opTBEjLJsqriPLjXn4kSFcfHYEzA9sfnvGUUjfzNCUxQxWFr2Ld,,
Fri Mar 26 2021 01:53:58 GMT-0700 (Pacific Daylight Time),deposit,,exodus_0,,,,,,,,0.018693,XTZ,opS6N964rh6kpkkUpCugB7EszJTBvM88ME255ffKYwSUHqr5zSw,https://tzstats.com/operation/opS6N964rh6kpkkUpCugB7EszJTBvM88ME255ffKYwSUHqr5zSw,,
Mon Mar 29 2021 01:41:04 GMT-0700 (Pacific Daylight Time),deposit,,exodus_0,,,,,,,,0.017907,XTZ,oodVgQHhPPPujWSjtd322Ju8ZeHJHed7KVmDsf9gtMUCnUVhf8F,https://tzstats.com/operation/oodVgQHhPPPujWSjtd322Ju8ZeHJHed7KVmDsf9gtMUCnUVhf8F,,
Tue Mar 30 2021 19:11:51 GMT-0700 (Pacific Daylight Time),deposit,,exodus_0,,,,,,,,0.162626,ATOM,94EB7B70E1D266DDC99D9DEEA8BDE421842F7A66AA282B2B3F3D2990C7A0CCAC,https://www.mintscan.io/cosmos/txs/94EB7B70E1D266DDC99D9DEEA8BDE421842F7A66AA282B2B3F3D2990C7A0CCAC,,
Thu Apr 01 2021 05:57:47 GMT-0700 (Pacific Daylight Time),deposit,,exodus_0,,,,,,,,0.01642,XTZ,ooMtieXiaLTqHskyk3JjeK3A2eqRj9pLbzfM2yqkXNoQXQo5e9Q,https://tzstats.com/operation/ooMtieXiaLTqHskyk3JjeK3A2eqRj9pLbzfM2yqkXNoQXQo5e9Q,,
Fri Apr 02 2021 12:52:50 GMT-0700 (Pacific Daylight Time),withdrawal,exodus_0,,-0.02,ETH,-0.0048825,ETH,0xa0f64548190bf83b4337ff521e85f94642e2ced0,0x8c7f52bb4e3343f6dcae63c629aed3118875525fc6caed4091be2373904b0ca9,https://etherscan.io/tx/0x8c7f52bb4e3343f6dcae63c629aed3118875525fc6caed4091be2373904b0ca9,,,,,,
Sat Apr 03 2021 11:23:27 GMT-0700 (Pacific Daylight Time),deposit,,exodus_0,,,,,,,,0.017584,XTZ,opWAXhiUg8CU7uBZjScZX2cvuULq5okHb1Pm1bPVWSz3DnyFhnX,https://tzstats.com/operation/opWAXhiUg8CU7uBZjScZX2cvuULq5okHb1Pm1bPVWSz3DnyFhnX,,
Tue Apr 06 2021 14:56:05 GMT-0700 (Pacific Daylight Time),deposit,,exodus_0,,,,,,,,0.018327,XTZ,oofhuucL3rxFcGqDgY5UUaZ8S4nGNAEZvz2wZZ1LAJHeLw8JTAj,https://tzstats.com/operation/oofhuucL3rxFcGqDgY5UUaZ8S4nGNAEZvz2wZZ1LAJHeLw8JTAj,,
Fri Apr 09 2021 08:34:44 GMT-0700 (Pacific Daylight Time),deposit,,exodus_0,,,,,,,,0.01678,XTZ,onh1gahgQwcAHBJEsoGbWzpXbDMo97VDnNWBYBdco68pRLXZt9G,https://tzstats.com/operation/onh1gahgQwcAHBJEsoGbWzpXbDMo97VDnNWBYBdco68pRLXZt9G,,
Mon Apr 12 2021 03:03:20 GMT-0700 (Pacific Daylight Time),deposit,,exodus_0,,,,,,,,0.017721,XTZ,onnfhxSTCqE97UGBWw13xBdPQWHM3yYe87vfS72iwdX6DPyfwrx,https://tzstats.com/operation/onnfhxSTCqE97UGBWw13xBdPQWHM3yYe87vfS72iwdX6DPyfwrx,,
Mon Apr 12 2021 06:32:47 GMT-0700 (Pacific Daylight Time),withdrawal,exodus_0,,-0.2547413565270778,ETH,-0.002625,ETH,0x491222681a9354229f7e1e8117121fa153fa6e5e,0x63c8eac6c051fddfe3721935582b308ea29dbb14fc96409371dfcd11a5048094,https://etherscan.io/tx/0x63c8eac6c051fddfe3721935582b308ea29dbb14fc96409371dfcd11a5048094,,,,,,
Thu Apr 15 2021 01:34:55 GMT-0700 (Pacific Daylight Time),deposit,,exodus_0,,,,,,,,0.017415,XTZ,opE2zZt5s4RLnjVvn9tdwh2X6LjZNMWFDkX3TYFgj2A5P1hDd9r,https://tzstats.com/operation/opE2zZt5s4RLnjVvn9tdwh2X6LjZNMWFDkX3TYFgj2A5P1hDd9r,,
Mon Apr 19 2021 00:24:36 GMT-0700 (Pacific Daylight Time),deposit,,exodus_0,,,,,,,,0.016772,XTZ,oovCVdS5LPQAuVYPUne1sJwWonr9ruTBXfPR9nA9ifJXkcSibCc,https://tzstats.com/operation/oovCVdS5LPQAuVYPUne1sJwWonr9ruTBXfPR9nA9ifJXkcSibCc,,
Wed Apr 21 2021 01:29:29 GMT-0700 (Pacific Daylight Time),deposit,,exodus_0,,,,,,,,0.017967,XTZ,op7wk6NNB4YTGFV75FTAFbm5anxuFypygbwBaqXhBsjk1QjY4mV,https://tzstats.com/operation/op7wk6NNB4YTGFV75FTAFbm5anxuFypygbwBaqXhBsjk1QjY4mV,,
Wed Apr 21 2021 10:29:43 GMT-0700 (Pacific Daylight Time),deposit,,exodus_0,,,,,,,,0.00240017,BTC,9aca4e3939c71049a43508b68ebf33f3523bbe48b5ed19d080d671eb2e14d559,https://mempool.space/tx/9aca4e3939c71049a43508b68ebf33f3523bbe48b5ed19d080d671eb2e14d559,,
Sat Apr 24 2021 00:47:24 GMT-0700 (Pacific Daylight Time),deposit,,exodus_0,,,,,,,,0.017561,XTZ,opHYbkh32fLuvjgeDw1ZLH6ULhvP6YYHAvtS4adWJnWp7epvBZQ,https://tzstats.com/operation/opHYbkh32fLuvjgeDw1ZLH6ULhvP6YYHAvtS4adWJnWp7epvBZQ,,
Mon Apr 26 2021 07:29:10 GMT-0700 (Pacific Daylight Time),deposit,,exodus_0,,,,,,,,0.00011152,BTC,6e36520567aa1b654eab02fe6b8a387811ff8d1eeeb0d467701e6a1a82791a1e,https://mempool.space/tx/6e36520567aa1b654eab02fe6b8a387811ff8d1eeeb0d467701e6a1a82791a1e,,
Mon Apr 26 2021 11:12:48 GMT-0700 (Pacific Daylight Time),deposit,,exodus_0,,,,,,,,0.018239,XTZ,oohiUtqY48xQtBu1Bjpc8jnrSCu6AkzpUeXSYo3FYHPiH1v1GdS,https://tzstats.com/operation/oohiUtqY48xQtBu1Bjpc8jnrSCu6AkzpUeXSYo3FYHPiH1v1GdS,,
Tue Apr 27 2021 15:54:41 GMT-0700 (Pacific Daylight Time),deposit,exodus_0,,,,,,,,,0.072208,ATOM,04BC1E6D30F7C69DB171EE6F8ED643104983A1952B8337B2907FAD6B16579172,https://www.mintscan.io/cosmos/txs/04BC1E6D30F7C69DB171EE6F8ED643104983A1952B8337B2907FAD6B16579172,,
Tue Apr 27 2021 15:55:40 GMT-0700 (Pacific Daylight Time),deposit,exodus_0,,,,,,,,,0.000001,ATOM,E2F8A4108E2DC71C082E0C4B3660AC5C151948393CA7B70808C04645FB4B0D11,https://www.mintscan.io/cosmos/txs/E2F8A4108E2DC71C082E0C4B3660AC5C151948393CA7B70808C04645FB4B0D11,,
Wed Apr 28 2021 12:04:02 GMT-0700 (Pacific Daylight Time),deposit,,exodus_0,,,,,,,,0.0110019,BTC,5de754b22e574855d614843958cb65367c597087e72b8850ad65fb867dbe34f1,https://mempool.space/tx/5de754b22e574855d614843958cb65367c597087e72b8850ad65fb867dbe34f1,,
Thu Apr 29 2021 10:22:14 GMT-0700 (Pacific Daylight Time),deposit,,exodus_0,,,,,,,,0.017522,XTZ,opWAvRdEc6KbBQjHSdZd7ygEjhDYcwkkJn8nmg9scookwEAdcEy,https://tzstats.com/operation/opWAvRdEc6KbBQjHSdZd7ygEjhDYcwkkJn8nmg9scookwEAdcEy,,
Sun May 02 2021 10:18:20 GMT-0700 (Pacific Daylight Time),deposit,,exodus_0,,,,,,,,0.018504,XTZ,onwnmr2kqsGfSgDhdavDUNW1vAnmjC8iKuRVcZnMksK8PmZdYZ5,https://tzstats.com/operation/onwnmr2kqsGfSgDhdavDUNW1vAnmjC8iKuRVcZnMksK8PmZdYZ5,,
Tue May 04 2021 11:37:58 GMT-0700 (Pacific Daylight Time),deposit,,exodus_0,,,,,,,,113.70140661,DOGE,f219ccad2aaa3248529e7e18b4a4d9570df9c22da2ac432b5c94ff8b406c325b,https://blockchair.com/dogecoin/transaction/f219ccad2aaa3248529e7e18b4a4d9570df9c22da2ac432b5c94ff8b406c325b,,
Wed May 05 2021 05:39:25 GMT-0700 (Pacific Daylight Time),deposit,,exodus_0,,,,,,,,0.016208,XTZ,oob3jBaecLXcmBzXnFeH5WCj9HmXyvi2ruaCx7FzJQyNQr5DR3X,https://tzstats.com/operation/oob3jBaecLXcmBzXnFeH5WCj9HmXyvi2ruaCx7FzJQyNQr5DR3X,,
Wed May 05 2021 09:34:59 GMT-0700 (Pacific Daylight Time),deposit,,exodus_0,,,,,,,,0.00293247,BTC,20165818d88d268b4692a585a526015156120e9f4553f19d823e7fb5e573e5c9,https://mempool.space/tx/20165818d88d268b4692a585a526015156120e9f4553f19d823e7fb5e573e5c9,,
Sat May 08 2021 04:33:32 GMT-0700 (Pacific Daylight Time),deposit,,exodus_0,,,,,,,,0.017031,XTZ,ooxjAARYNZSRVE3UkDJ8qpSfYyY7ic91xdk2xpK3HF3czCwAA3N,https://tzstats.com/operation/ooxjAARYNZSRVE3UkDJ8qpSfYyY7ic91xdk2xpK3HF3czCwAA3N,,
Tue May 11 2021 12:45:58 GMT-0700 (Pacific Daylight Time),deposit,,exodus_0,,,,,,,,0.017324,XTZ,oorL23AyYqMne5TLYBNKK1gWy2BMykq9uTmfAwx8nm4sakJT4kd,https://tzstats.com/operation/oorL23AyYqMne5TLYBNKK1gWy2BMykq9uTmfAwx8nm4sakJT4kd,,
Fri May 14 2021 05:19:30 GMT-0700 (Pacific Daylight Time),deposit,,exodus_0,,,,,,,,0.017934,XTZ,opZJZCbgnZRPuEUW6xorbi1yrMfqeD3gMbKoFkakJVyxQfZJ7i4,https://tzstats.com/operation/opZJZCbgnZRPuEUW6xorbi1yrMfqeD3gMbKoFkakJVyxQfZJ7i4,,
Mon May 17 2021 02:18:18 GMT-0700 (Pacific Daylight Time),deposit,,exodus_0,,,,,,,,0.018557,XTZ,oo2XV9ZR14KwoVtDivQxMTVdeijtrq2v3ryATRa26fHXeszBxxs,https://tzstats.com/operation/oo2XV9ZR14KwoVtDivQxMTVdeijtrq2v3ryATRa26fHXeszBxxs,,
Thu May 20 2021 00:22:26 GMT-0700 (Pacific Daylight Time),deposit,,exodus_0,,,,,,,,0.017018,XTZ,oo3BjtwfXnKT53b4EsWuLoK1uBUERz7nhZ8zQbY4YXeeSpkmm85,https://tzstats.com/operation/oo3BjtwfXnKT53b4EsWuLoK1uBUERz7nhZ8zQbY4YXeeSpkmm85,,
Sat May 22 2021 14:11:22 GMT-0700 (Pacific Daylight Time),deposit,,exodus_0,,,,,,,,0.018579,XTZ,ooDERpzU5wiUKR6bHzcZwDMy63KS4JouFH8SSjjqTpB7o75WuXc,https://tzstats.com/operation/ooDERpzU5wiUKR6bHzcZwDMy63KS4JouFH8SSjjqTpB7o75WuXc,,
Mon May 24 2021 11:33:20 GMT-0700 (Pacific Daylight Time),deposit,,exodus_0,,,,,,,,0.00082831,BTC,d2a0a10b81156a91ffc3fcc5290e6ff740a976fa140a8b2c72231a54765bf3b2,https://mempool.space/tx/d2a0a10b81156a91ffc3fcc5290e6ff740a976fa140a8b2c72231a54765bf3b2,,
Tue May 25 2021 12:52:58 GMT-0700 (Pacific Daylight Time),deposit,,exodus_0,,,,,,,,0.017886,XTZ,ooiAMtCHRYMAa3DhoT1yNWa5267tMNtJM8jereGSv5TNSuiDeSC,https://tzstats.com/operation/ooiAMtCHRYMAa3DhoT1yNWa5267tMNtJM8jereGSv5TNSuiDeSC,,
Fri May 28 2021 14:05:14 GMT-0700 (Pacific Daylight Time),deposit,,exodus_0,,,,,,,,0.017918,XTZ,ootqww8bdeW9cH1mqsUARSsFgwpTdXH7Rb87kRd3PKrtdRu8LGq,https://tzstats.com/operation/ootqww8bdeW9cH1mqsUARSsFgwpTdXH7Rb87kRd3PKrtdRu8LGq,,
Mon May 31 2021 04:31:26 GMT-0700 (Pacific Daylight Time),deposit,,exodus_0,,,,,,,,0.017811,XTZ,ooQNFzCfWKd9LHU4EH85NrDBaKryKFKxE1vo3TziajhJm9vjrTs,https://tzstats.com/operation/ooQNFzCfWKd9LHU4EH85NrDBaKryKFKxE1vo3TziajhJm9vjrTs,,
Thu Jun 03 2021 01:03:06 GMT-0700 (Pacific Daylight Time),deposit,,exodus_0,,,,,,,,0.017315,XTZ,ooKWmwSzJxzMrZVv2CsP4JUEs4W9oYnHaTzyMjmJJ2A9Di4sT7W,https://tzstats.com/operation/ooKWmwSzJxzMrZVv2CsP4JUEs4W9oYnHaTzyMjmJJ2A9Di4sT7W,,
Thu Jun 03 2021 13:26:16 GMT-0700 (Pacific Daylight Time),deposit,,exodus_0,,,,,,,,0.00146428,BTC,64ca839b9e98e686798f233dbbd6e0b2020f6dfd329e341b019e140977575246,https://mempool.space/tx/64ca839b9e98e686798f233dbbd6e0b2020f6dfd329e341b019e140977575246,,
Sun Jun 06 2021 15:45:34 GMT-0700 (Pacific Daylight Time),deposit,,exodus_0,,,,,,,,0.018168,XTZ,oo6SAuxTxPQwE38A3oqXbr9BfwiwtGFPmS8cHdbWmpkNcjynNb9,https://tzstats.com/operation/oo6SAuxTxPQwE38A3oqXbr9BfwiwtGFPmS8cHdbWmpkNcjynNb9,,
Wed Jun 09 2021 01:49:42 GMT-0700 (Pacific Daylight Time),deposit,,exodus_0,,,,,,,,0.01922,XTZ,ooWAbLuCkcKBHc54sCEpcv8CWhxxqnUdULHYQKqWuxanrgzHce6,https://tzstats.com/operation/ooWAbLuCkcKBHc54sCEpcv8CWhxxqnUdULHYQKqWuxanrgzHce6,,
Sat Jun 12 2021 01:49:10 GMT-0700 (Pacific Daylight Time),deposit,,exodus_0,,,,,,,,0.019474,XTZ,ooUnwJ4yRKuP2YDz4W6hSVBe87CrNeotNuP95rs4uVfYrrqcrQA,https://tzstats.com/operation/ooUnwJ4yRKuP2YDz4W6hSVBe87CrNeotNuP95rs4uVfYrrqcrQA,,
Tue Jun 15 2021 00:40:54 GMT-0700 (Pacific Daylight Time),deposit,,exodus_0,,,,,,,,0.017673,XTZ,ooqSTgdEYHQqCzyTg5jT49icHufNSRyJDcsQWi7gdsv8ctnk1DG,https://tzstats.com/operation/ooqSTgdEYHQqCzyTg5jT49icHufNSRyJDcsQWi7gdsv8ctnk1DG,,
Fri Jun 18 2021 08:14:46 GMT-0700 (Pacific Daylight Time),deposit,,exodus_0,,,,,,,,0.018411,XTZ,ono2LrWoF85FnivaTWNKzY7ToUeiZsoYzWH6gWXkQWjBdUyPr5z,https://tzstats.com/operation/ono2LrWoF85FnivaTWNKzY7ToUeiZsoYzWH6gWXkQWjBdUyPr5z,,
Mon Jun 21 2021 00:22:50 GMT-0700 (Pacific Daylight Time),deposit,,exodus_0,,,,,,,,0.017516,XTZ,opFtzc3fa4dTWZQmUrWtFAmszm3Et8V6pxfWaufb1gB43pAYXm5,https://tzstats.com/operation/opFtzc3fa4dTWZQmUrWtFAmszm3Et8V6pxfWaufb1gB43pAYXm5,,
Thu Jun 24 2021 01:06:34 GMT-0700 (Pacific Daylight Time),deposit,,exodus_0,,,,,,,,0.019029,XTZ,oniNNKjSre7RLwCGizSxqR6GetLDGNsJqMk7fUiqXFaZuT8fpdf,https://tzstats.com/operation/oniNNKjSre7RLwCGizSxqR6GetLDGNsJqMk7fUiqXFaZuT8fpdf,,
Sat Jun 26 2021 06:53:38 GMT-0700 (Pacific Daylight Time),deposit,,exodus_0,,,,,,,,0.017413,XTZ,oneU9bcnsbYkDnFp6PE1u2nwUziGLsyBvGkYia2TKKurtvmHG7v,https://tzstats.com/operation/oneU9bcnsbYkDnFp6PE1u2nwUziGLsyBvGkYia2TKKurtvmHG7v,,
Tue Jun 29 2021 04:34:42 GMT-0700 (Pacific Daylight Time),deposit,,exodus_0,,,,,,,,0.01762,XTZ,oomsUj9C2eqJmhqDnMUe1EfQd2t9dhat2SdojkAJJqEEKknGVgp,https://tzstats.com/operation/oomsUj9C2eqJmhqDnMUe1EfQd2t9dhat2SdojkAJJqEEKknGVgp,,
Fri Jul 02 2021 04:17:30 GMT-0700 (Pacific Daylight Time),deposit,,exodus_0,,,,,,,,0.018457,XTZ,onzUXYMzsTvwAEqsYw2Nkz7FsuHcA3xQukMKeGpraSM54FEZGJ4,https://tzstats.com/operation/onzUXYMzsTvwAEqsYw2Nkz7FsuHcA3xQukMKeGpraSM54FEZGJ4,,
Sun Jul 04 2021 10:48:51 GMT-0700 (Pacific Daylight Time),deposit,,exodus_0,,,,,,,,70.80712482,KNC,0x6088f5d8a8adc990a74ffd3cae3c5caa7489e1d28595fb02b32789cdcfc810a3,https://etherscan.io/tx/0x6088f5d8a8adc990a74ffd3cae3c5caa7489e1d28595fb02b32789cdcfc810a3,,
Sun Jul 04 2021 10:48:51 GMT-0700 (Pacific Daylight Time),withdrawal,exodus_0,,-70.80712482,KNCL,-0.0013255325,ETH,0xdefa4e8a7bcba345f687a2f1456f5edd9ce97202,0x6088f5d8a8adc990a74ffd3cae3c5caa7489e1d28595fb02b32789cdcfc810a3,https://etherscan.io/tx/0x6088f5d8a8adc990a74ffd3cae3c5caa7489e1d28595fb02b32789cdcfc810a3,,,,,,
Mon Jul 05 2021 10:45:18 GMT-0700 (Pacific Daylight Time),deposit,,exodus_0,,,,,,,,0.018591,XTZ,op1AgxvMshewJZ4WHM849wkmgDYXx9AkXjS8Tfgs9Sq9qGtJ4QJ,https://tzstats.com/operation/op1AgxvMshewJZ4WHM849wkmgDYXx9AkXjS8Tfgs9Sq9qGtJ4QJ,,
Thu Jul 08 2021 10:53:42 GMT-0700 (Pacific Daylight Time),deposit,,exodus_0,,,,,,,,0.018556,XTZ,ooS3iR2y5DjUnvy9WjZ4owkQLSAb782cuuBnCpy6SUuRymZTE75,https://tzstats.com/operation/ooS3iR2y5DjUnvy9WjZ4owkQLSAb782cuuBnCpy6SUuRymZTE75,,
Sun Jul 11 2021 09:31:22 GMT-0700 (Pacific Daylight Time),deposit,,exodus_0,,,,,,,,0.018318,XTZ,ooZRB5irGcAgG4YWKSTF6h9rNdFMSRDSbevVRpxmS1QRtQGxznE,https://tzstats.com/operation/ooZRB5irGcAgG4YWKSTF6h9rNdFMSRDSbevVRpxmS1QRtQGxznE,,
Wed Jul 14 2021 03:06:34 GMT-0700 (Pacific Daylight Time),deposit,,exodus_0,,,,,,,,0.018348,XTZ,opW2UYrkdYTS7uqVPr4Fb9XC8nFNqX6MzaZquei4tMyQRPJNXmf,https://tzstats.com/operation/opW2UYrkdYTS7uqVPr4Fb9XC8nFNqX6MzaZquei4tMyQRPJNXmf,,
Sat Jul 17 2021 14:20:50 GMT-0700 (Pacific Daylight Time),deposit,,exodus_0,,,,,,,,0.017998,XTZ,ooupKb18PWu36nDw1bbC2j8GsCdh36HH1T8vFqyApa7HHbGn2ix,https://tzstats.com/operation/ooupKb18PWu36nDw1bbC2j8GsCdh36HH1T8vFqyApa7HHbGn2ix,,
Tue Jul 20 2021 02:35:38 GMT-0700 (Pacific Daylight Time),deposit,,exodus_0,,,,,,,,0.017039,XTZ,ookc6eHTkqy24SxpYFRFYscmTyXToebCMK5doQZR7FTyV2RDcEV,https://tzstats.com/operation/ookc6eHTkqy24SxpYFRFYscmTyXToebCMK5doQZR7FTyV2RDcEV,,
Fri Jul 23 2021 01:39:30 GMT-0700 (Pacific Daylight Time),deposit,,exodus_0,,,,,,,,0.017545,XTZ,onz26atfR17JrotGJQN3L5VXhGKgbk4Rhvujmha31Q3BGkTmzWh,https://tzstats.com/operation/onz26atfR17JrotGJQN3L5VXhGKgbk4Rhvujmha31Q3BGkTmzWh,,
Mon Jul 26 2021 04:35:42 GMT-0700 (Pacific Daylight Time),deposit,,exodus_0,,,,,,,,0.01866,XTZ,ooh3ccBRMC85UpJdubEYLv1BPPZpxD3pycjDeMBwRizhywsbwPQ,https://tzstats.com/operation/ooh3ccBRMC85UpJdubEYLv1BPPZpxD3pycjDeMBwRizhywsbwPQ,,
Tue Jul 27 2021 11:06:17 GMT-0700 (Pacific Daylight Time),withdrawal,exodus_0,,-0.04,ETH,-0.000378,ETH,0xa0f64548190bf83b4337ff521e85f94642e2ced0,0x39b9aa1878cea8b378ce724664773a7810cfe5782bbd0b52de39eb2381356c22,https://etherscan.io/tx/0x39b9aa1878cea8b378ce724664773a7810cfe5782bbd0b52de39eb2381356c22,,,,,,
Wed Jul 28 2021 11:14:34 GMT-0700 (Pacific Daylight Time),deposit,,exodus_0,,,,,,,,0.018404,XTZ,ooxHeLMV3WoaKANySDSp6yy5jrMRy5fRWtXo2LDoMot2dJUiDFd,https://tzstats.com/operation/ooxHeLMV3WoaKANySDSp6yy5jrMRy5fRWtXo2LDoMot2dJUiDFd,,
Fri Jul 30 2021 16:11:19 GMT-0700 (Pacific Daylight Time),withdrawal,exodus_0,,-0.02,BTC,-0.0000405,BTC,bc1q8rqatq0j6yavw4ukdj8ms7nk396cv9lvnlt8rx,1d4f2be2231785ece64e09308fa5d74b31046cb7afe153dc916651af75a29493,https://mempool.space/tx/1d4f2be2231785ece64e09308fa5d74b31046cb7afe153dc916651af75a29493,,,,,,
Fri Jul 30 2021 16:18:36 GMT-0700 (Pacific Daylight Time),withdrawal,exodus_0,,-1513.97130774,DOGE,-6.8,DOGE,D5XcXAWTY5BEN4gpcFeMjv6KXoj1bXbCQd,7960215004ab7a9d227bb76c1bb307caecdbf5beac0f9836f6c944e6829e9107,https://blockchair.com/dogecoin/transaction/7960215004ab7a9d227bb76c1bb307caecdbf5beac0f9836f6c944e6829e9107,,,,,,
Sat Jul 31 2021 08:33:46 GMT-0700 (Pacific Daylight Time),deposit,,exodus_0,,,,,,,,0.017605,XTZ,opLtL1zDV14JVsoNnvxJJprUBDsL9MiXh3N2fkVDgVedW2i8KMV,https://tzstats.com/operation/opLtL1zDV14JVsoNnvxJJprUBDsL9MiXh3N2fkVDgVedW2i8KMV,,
Sat Jul 31 2021 09:16:12 GMT-0700 (Pacific Daylight Time),deposit,,exodus_0,,,,,,,,0.01199809,BTC,6dd35d2813f1fe43820ae571b9ec91a6b239488a7c49729236c0ef25eef33a04,https://mempool.space/tx/6dd35d2813f1fe43820ae571b9ec91a6b239488a7c49729236c0ef25eef33a04,,
Wed Aug 04 2021 00:14:34 GMT-0700 (Pacific Daylight Time),deposit,,exodus_0,,,,,,,,0.01872,XTZ,oocpiaEN1sRDnyqCH7Ehe2fQ7mcijYdQjWT4SZ8Kdc3oXzcuxr7,https://tzstats.com/operation/oocpiaEN1sRDnyqCH7Ehe2fQ7mcijYdQjWT4SZ8Kdc3oXzcuxr7,,
Mon Aug 09 2021 00:07:30 GMT-0700 (Pacific Daylight Time),deposit,,exodus_0,,,,,,,,0.01877,XTZ,opHUXWTDZZMT85pFoHoNjpwH2rfVNLkLb7Er4UNubMckiX99Qj5,https://tzstats.com/operation/opHUXWTDZZMT85pFoHoNjpwH2rfVNLkLb7Er4UNubMckiX99Qj5,,
Wed Aug 11 2021 00:19:20 GMT-0700 (Pacific Daylight Time),deposit,,exodus_0,,,,,,,,0.017506,XTZ,opW4CKJ2gWUZQeYc4AJe3swZw7oVqqw5RGGphj5UM9wi1CzxcGk,https://tzstats.com/operation/opW4CKJ2gWUZQeYc4AJe3swZw7oVqqw5RGGphj5UM9wi1CzxcGk,,
Sat Aug 14 2021 05:11:00 GMT-0700 (Pacific Daylight Time),deposit,,exodus_0,,,,,,,,0.018375,XTZ,op2XBk7ZqdQRAPCs4JWZjTAuqVFoxiKvqJECahWhzSD3xzeExPZ,https://tzstats.com/operation/op2XBk7ZqdQRAPCs4JWZjTAuqVFoxiKvqJECahWhzSD3xzeExPZ,,
Tue Aug 17 2021 12:27:40 GMT-0700 (Pacific Daylight Time),deposit,,exodus_0,,,,,,,,0.018928,XTZ,opHAwNCzyJMtSBt3VYKWTfUv344YhZfndMS7mkGVJmobRKd6wAw,https://tzstats.com/operation/opHAwNCzyJMtSBt3VYKWTfUv344YhZfndMS7mkGVJmobRKd6wAw,,
Sun Aug 22 2021 02:34:20 GMT-0700 (Pacific Daylight Time),deposit,,exodus_0,,,,,,,,0.016615,XTZ,oo5JuRn9S43Vjyq6kAqXBLvNatQBovyT7yrznVvFSRL3m5m3pr8,https://tzstats.com/operation/oo5JuRn9S43Vjyq6kAqXBLvNatQBovyT7yrznVvFSRL3m5m3pr8,,
Mon Aug 23 2021 09:56:36 GMT-0700 (Pacific Daylight Time),withdrawal,exodus_0,,-0.0183,BTC,-0.00001098,BTC,bc1qk5sewe9vhuntlfzt5d30d9l6xkhcajjaeg60a8,b35a64f399727e37c9699462a4f8772d7ad30d71288dbd01faaf652fa2b61ce9,https://mempool.space/tx/b35a64f399727e37c9699462a4f8772d7ad30d71288dbd01faaf652fa2b61ce9,,,,,,
Mon Aug 23 2021 10:51:16 GMT-0700 (Pacific Daylight Time),deposit,,exodus_0,,,,,,,,0.019136,XTZ,ooWoESfCXrHQJ2t9CNpU7WK1cyMRaBvdKmYKZMSyo5d3khk2PqS,https://tzstats.com/operation/ooWoESfCXrHQJ2t9CNpU7WK1cyMRaBvdKmYKZMSyo5d3khk2PqS,,
Wed Aug 25 2021 23:59:26 GMT-0700 (Pacific Daylight Time),deposit,,exodus_0,,,,,,,,0.016005,XTZ,ooqYR2CJk7a3NKcgtDM4uyRnj2YZazfyNWDHiD6tVNLfeBF8aEn,https://tzstats.com/operation/ooqYR2CJk7a3NKcgtDM4uyRnj2YZazfyNWDHiD6tVNLfeBF8aEn,,
Sun Aug 29 2021 00:40:46 GMT-0700 (Pacific Daylight Time),deposit,,exodus_0,,,,,,,,0.017672,XTZ,op1bPV93H19LH2WXHWtgHZGPh9gzqYoo4sW2HUfnD8BvHsk5cbK,https://tzstats.com/operation/op1bPV93H19LH2WXHWtgHZGPh9gzqYoo4sW2HUfnD8BvHsk5cbK,,
Wed Sep 01 2021 00:45:48 GMT-0700 (Pacific Daylight Time),deposit,,exodus_0,,,,,,,,0.017916,XTZ,ookNgK2y3wu83tKFtiNt1Vco2oae14BJDr1a32DR8fvwk4ZNyqn,https://tzstats.com/operation/ookNgK2y3wu83tKFtiNt1Vco2oae14BJDr1a32DR8fvwk4ZNyqn,,
Sat Sep 04 2021 01:12:30 GMT-0700 (Pacific Daylight Time),deposit,,exodus_0,,,,,,,,0.01788,XTZ,oo4ks35obYbugkXCgDM6rFGZxcg8P4cbVM13vhMj3RGsgTvtU2d,https://tzstats.com/operation/oo4ks35obYbugkXCgDM6rFGZxcg8P4cbVM13vhMj3RGsgTvtU2d,,
Tue Sep 07 2021 02:54:44 GMT-0700 (Pacific Daylight Time),deposit,,exodus_0,,,,,,,,0.018945,XTZ,ooHBkfzGbkeWiQXYVraAcPJhPNrnU2Rhj6VX2fiSMjP1Mi4pujj,https://tzstats.com/operation/ooHBkfzGbkeWiQXYVraAcPJhPNrnU2Rhj6VX2fiSMjP1Mi4pujj,,
Fri Sep 10 2021 00:23:40 GMT-0700 (Pacific Daylight Time),deposit,,exodus_0,,,,,,,,0.018579,XTZ,onjhQAi1ZG48B6e1EH7jNuYhHxBL2SNJZS8RoqKq4SxPCzbVvPQ,https://tzstats.com/operation/onjhQAi1ZG48B6e1EH7jNuYhHxBL2SNJZS8RoqKq4SxPCzbVvPQ,,
Sun Sep 12 2021 10:35:38 GMT-0700 (Pacific Daylight Time),deposit,,exodus_0,,,,,,,,0.017827,XTZ,onu1QwWipDTfRQKAJ1x7gVPQgHiGkbsVMAPuZDKr5LESBHfnR43,https://tzstats.com/operation/onu1QwWipDTfRQKAJ1x7gVPQgHiGkbsVMAPuZDKr5LESBHfnR43,,
Wed Sep 15 2021 11:00:32 GMT-0700 (Pacific Daylight Time),deposit,,exodus_0,,,,,,,,0.017511,XTZ,ooCnUN3t7TVhdC6Sjzct2HPpwCdzrZg3CjRYDLrW9JMu9692eYo,https://tzstats.com/operation/ooCnUN3t7TVhdC6Sjzct2HPpwCdzrZg3CjRYDLrW9JMu9692eYo,,
Sat Sep 18 2021 09:22:04 GMT-0700 (Pacific Daylight Time),deposit,,exodus_0,,,,,,,,0.01849,XTZ,oowwjf1JkijFwZLYZojGdYZFQHX2Co8S5Hgaj31Rcc9xR7TKRHM,https://tzstats.com/operation/oowwjf1JkijFwZLYZojGdYZFQHX2Co8S5Hgaj31Rcc9xR7TKRHM,,
Tue Sep 21 2021 06:19:34 GMT-0700 (Pacific Daylight Time),deposit,,exodus_0,,,,,,,,0.017821,XTZ,opCGv7nfbrF8oPuj81SBjKXV967aE51LdykFwSo3Z38CBwnGfX8,https://tzstats.com/operation/opCGv7nfbrF8oPuj81SBjKXV967aE51LdykFwSo3Z38CBwnGfX8,,
Fri Sep 24 2021 11:44:34 GMT-0700 (Pacific Daylight Time),deposit,,exodus_0,,,,,,,,0.018545,XTZ,onfmbJ7SJ9Ei4WQixp69D25e93jAaTSLHJq3doXwfTFDeeUPyZe,https://tzstats.com/operation/onfmbJ7SJ9Ei4WQixp69D25e93jAaTSLHJq3doXwfTFDeeUPyZe,,
Mon Sep 27 2021 03:40:14 GMT-0700 (Pacific Daylight Time),deposit,,exodus_0,,,,,,,,0.017515,XTZ,oo2vmMTrC7c5MXq8QGczXd3NRTfCsbgjw7TED28U25tmGRzPGsT,https://tzstats.com/operation/oo2vmMTrC7c5MXq8QGczXd3NRTfCsbgjw7TED28U25tmGRzPGsT,,
Thu Sep 30 2021 02:27:06 GMT-0700 (Pacific Daylight Time),deposit,,exodus_0,,,,,,,,0.018115,XTZ,ooBw4ybixMiLBZyN8JnwtCBktzDpbrkLrdyiDQNZts6NoFx9tcK,https://tzstats.com/operation/ooBw4ybixMiLBZyN8JnwtCBktzDpbrkLrdyiDQNZts6NoFx9tcK,,
Sun Oct 03 2021 10:23:44 GMT-0700 (Pacific Daylight Time),deposit,,exodus_0,,,,,,,,0.018016,XTZ,ooJQ9eDdEyveyxGPUfovcfjxHYfNvdhPbbKDx3ZLnLhjt51ZuVk,https://tzstats.com/operation/ooJQ9eDdEyveyxGPUfovcfjxHYfNvdhPbbKDx3ZLnLhjt51ZuVk,,
Wed Oct 06 2021 00:39:44 GMT-0700 (Pacific Daylight Time),deposit,,exodus_0,,,,,,,,0.018761,XTZ,oocaVA5FkjN3sa7rUJxaBZny4cebqZ7wvQTmDkmAKCgTzHi2E6X,https://tzstats.com/operation/oocaVA5FkjN3sa7rUJxaBZny4cebqZ7wvQTmDkmAKCgTzHi2E6X,,
Sat Oct 09 2021 12:04:24 GMT-0700 (Pacific Daylight Time),deposit,,exodus_0,,,,,,,,0.01190717,BTC,8ebd409144a8607f9f2d548b7150714dc8f1226fcaf871233fa2849c0a3b9bb3,https://mempool.space/tx/8ebd409144a8607f9f2d548b7150714dc8f1226fcaf871233fa2849c0a3b9bb3,,
Sat Oct 09 2021 20:13:50 GMT-0700 (Pacific Daylight Time),deposit,,exodus_0,,,,,,,,0.018786,XTZ,ooDt8z5NuxRhtLcyLGSZhKPE6CX6S6xzAisjZBwVgwbr3uMXN5e,https://tzstats.com/operation/ooDt8z5NuxRhtLcyLGSZhKPE6CX6S6xzAisjZBwVgwbr3uMXN5e,,
Sun Oct 10 2021 00:24:38 GMT-0700 (Pacific Daylight Time),deposit,,exodus_0,,,,,,,,0.0000025,XLM,c25316008503f05211dd241fc90f3f1785281ac41833aa7b0eb2d3fb8386a72d,https://stellar.expert/explorer/public/tx/c25316008503f05211dd241fc90f3f1785281ac41833aa7b0eb2d3fb8386a72d,,
Tue Oct 12 2021 00:11:52 GMT-0700 (Pacific Daylight Time),deposit,,exodus_0,,,,,,,,0.018074,XTZ,oodMUP3EMyigTdSDAHytyASUpdRqMw7HTDHT4sT4et5j1hgDwA1,https://tzstats.com/operation/oodMUP3EMyigTdSDAHytyASUpdRqMw7HTDHT4sT4et5j1hgDwA1,,
Fri Oct 15 2021 00:32:32 GMT-0700 (Pacific Daylight Time),deposit,,exodus_0,,,,,,,,0.017863,XTZ,opVb48WJYrQ7CbUcbvQ4Jy24WW2V8uy32dUfCFuc8EvNgfJD6B1,https://tzstats.com/operation/opVb48WJYrQ7CbUcbvQ4Jy24WW2V8uy32dUfCFuc8EvNgfJD6B1,,
Sun Oct 17 2021 23:25:54 GMT-0700 (Pacific Daylight Time),deposit,,exodus_0,,,,,,,,0.018261,XTZ,ooAvCcRU2ba4x1yjdJ5eBLrZGBm37Z99H7Epe9mnLpsFmqC5gYZ,https://tzstats.com/operation/ooAvCcRU2ba4x1yjdJ5eBLrZGBm37Z99H7Epe9mnLpsFmqC5gYZ,,
Thu Oct 21 2021 00:16:10 GMT-0700 (Pacific Daylight Time),deposit,,exodus_0,,,,,,,,0.017133,XTZ,ooiTCPNtF5P5beF5kfpsWEvPsRSBTjpJ8KiZzTAUH4YktkS8R4a,https://tzstats.com/operation/ooiTCPNtF5P5beF5kfpsWEvPsRSBTjpJ8KiZzTAUH4YktkS8R4a,,
Sun Oct 24 2021 05:56:04 GMT-0700 (Pacific Daylight Time),deposit,,exodus_0,,,,,,,,0.017102,XTZ,onoGtyLtdT6LsErMKaMdmnCjEByAeATWx1cNmc3nPnCjfC8aZDg,https://tzstats.com/operation/onoGtyLtdT6LsErMKaMdmnCjEByAeATWx1cNmc3nPnCjfC8aZDg,,
Tue Oct 26 2021 11:37:42 GMT-0700 (Pacific Daylight Time),deposit,,exodus_0,,,,,,,,0.016809,XTZ,onxm3EfgTXGWyswpTTXzo49DFtJdr1HHwsMkKLQd2HWhHA27ZWX,https://tzstats.com/operation/onxm3EfgTXGWyswpTTXzo49DFtJdr1HHwsMkKLQd2HWhHA27ZWX,,
Sat Oct 30 2021 21:03:02 GMT-0700 (Pacific Daylight Time),deposit,,exodus_0,,,,,,,,0.018099,XTZ,oo2SRhBakwSqDWoqhaWx25ShVdNVXrEv9sBSnABfiPx8ZZfRtx7,https://tzstats.com/operation/oo2SRhBakwSqDWoqhaWx25ShVdNVXrEv9sBSnABfiPx8ZZfRtx7,,
Tue Nov 02 2021 00:35:32 GMT-0700 (Pacific Daylight Time),deposit,,exodus_0,,,,,,,,0.016498,XTZ,opaBj3eKqk1ooncrwWfdDvXzbjRwDUPnWZYpMop6nR9k45Q7ms4,https://tzstats.com/operation/opaBj3eKqk1ooncrwWfdDvXzbjRwDUPnWZYpMop6nR9k45Q7ms4,,
Thu Nov 04 2021 07:45:58 GMT-0700 (Pacific Daylight Time),deposit,,exodus_0,,,,,,,,0.016009,XTZ,onfpEFg1XN2eQ6JnYYsZ85mshxENQh34GyWfE9Yy9kUTqDBjmWK,https://tzstats.com/operation/onfpEFg1XN2eQ6JnYYsZ85mshxENQh34GyWfE9Yy9kUTqDBjmWK,,
Sat Nov 06 2021 02:18:18 GMT-0700 (Pacific Daylight Time),deposit,,exodus_0,,,,,,,,1e-7,XLM,8d83c192ea7b8d31e323b5e1702abcb076945f7d8a43b3a1800a766f448d0706,https://stellar.expert/explorer/public/tx/8d83c192ea7b8d31e323b5e1702abcb076945f7d8a43b3a1800a766f448d0706,,
Sat Nov 06 2021 06:24:06 GMT-0700 (Pacific Daylight Time),deposit,,exodus_0,,,,,,,,1e-7,XLM,1b2ee91ab46fa9aaa2a5bbda861a1563db4735276e1a1a53493a5f650cfe5c35,https://stellar.expert/explorer/public/tx/1b2ee91ab46fa9aaa2a5bbda861a1563db4735276e1a1a53493a5f650cfe5c35,,
Sun Nov 07 2021 10:58:26 GMT-0800 (Pacific Standard Time),deposit,,exodus_0,,,,,,,,0.016484,XTZ,onuh4GLpZ15EK3ma2wm7fg4zMVewhcNRDSC9qzRSJdQptvwp7EC,https://tzstats.com/operation/onuh4GLpZ15EK3ma2wm7fg4zMVewhcNRDSC9qzRSJdQptvwp7EC,,
Wed Nov 10 2021 01:47:28 GMT-0800 (Pacific Standard Time),deposit,,exodus_0,,,,,,,,0.016983,XTZ,opY1tUPxMdNQ6kPGWsUkYFf95kmRiZbHCjEPkqjeMqXB9aoWFhG,https://tzstats.com/operation/opY1tUPxMdNQ6kPGWsUkYFf95kmRiZbHCjEPkqjeMqXB9aoWFhG,,
Sat Nov 13 2021 07:30:28 GMT-0800 (Pacific Standard Time),deposit,,exodus_0,,,,,,,,0.017035,XTZ,oo6Kb2WkgBQKBZ1c3A1Dt5sZqXKUdwqqUKcXQonyEUgZ1S5zJdx,https://tzstats.com/operation/oo6Kb2WkgBQKBZ1c3A1Dt5sZqXKUdwqqUKcXQonyEUgZ1S5zJdx,,
Mon Nov 15 2021 14:04:05 GMT-0800 (Pacific Standard Time),withdrawal,exodus_0,,-0.00391753,BTC,-0.00001537,BTC,bc1qwvas3ls7p0ajwe429efjh64h99ls4uyjc06ek9,0ed5a511d884d2113ae910c972857c13b04619d9ac5c1a66549c36bfeccb728e,https://mempool.space/tx/0ed5a511d884d2113ae910c972857c13b04619d9ac5c1a66549c36bfeccb728e,,,,,,
Tue Nov 16 2021 07:02:52 GMT-0800 (Pacific Standard Time),deposit,,exodus_0,,,,,,,,0.016343,XTZ,opTqmDX42veUXVo2dHNDHFdmWBfj1fWhLzTgWzq9fiF2mctNbeQ,https://tzstats.com/operation/opTqmDX42veUXVo2dHNDHFdmWBfj1fWhLzTgWzq9fiF2mctNbeQ,,
Fri Nov 19 2021 00:44:22 GMT-0800 (Pacific Standard Time),deposit,,exodus_0,,,,,,,,0.01667,XTZ,ooLcoR8bNNTgiz5S2T65jRYqvdMTPWtqov3ppN2WVim9jgGP23o,https://tzstats.com/operation/ooLcoR8bNNTgiz5S2T65jRYqvdMTPWtqov3ppN2WVim9jgGP23o,,
Mon Nov 22 2021 01:17:22 GMT-0800 (Pacific Standard Time),deposit,,exodus_0,,,,,,,,0.016919,XTZ,opD48xvqqGqg9uKg3S6ytWqdBnmjMjLQ4Ga1MM1woHHk8igtweP,https://tzstats.com/operation/opD48xvqqGqg9uKg3S6ytWqdBnmjMjLQ4Ga1MM1woHHk8igtweP,,
Thu Nov 25 2021 00:46:48 GMT-0800 (Pacific Standard Time),deposit,,exodus_0,,,,,,,,0.016799,XTZ,opGt4K2421ikgHkHcchXsKxQBQukxQZUoBtYz1gMm1QDPMne8U2,https://tzstats.com/operation/opGt4K2421ikgHkHcchXsKxQBQukxQZUoBtYz1gMm1QDPMne8U2,,
Sat Nov 27 2021 23:58:08 GMT-0800 (Pacific Standard Time),deposit,,exodus_0,,,,,,,,0.017739,XTZ,onjRNT4EjrpLnKHPZt596YHhXc9NaiKqNw161FXJceShMtiCs3d,https://tzstats.com/operation/onjRNT4EjrpLnKHPZt596YHhXc9NaiKqNw161FXJceShMtiCs3d,,
Tue Nov 30 2021 22:13:44 GMT-0800 (Pacific Standard Time),deposit,,exodus_0,,,,,,,,0.01647,XTZ,ooptaeo6Ca2NFqhNTFspdZBpkMdQTveGNd6SymdYooNdgRKKZDi,https://tzstats.com/operation/ooptaeo6Ca2NFqhNTFspdZBpkMdQTveGNd6SymdYooNdgRKKZDi,,
Sat Dec 04 2021 09:52:20 GMT-0800 (Pacific Standard Time),deposit,,exodus_0,,,,,,,,0.016901,XTZ,op3qZX5E5in7E7grwycxCveFXRCH4rRuus88hZPiLeQgscApZQS,https://tzstats.com/operation/op3qZX5E5in7E7grwycxCveFXRCH4rRuus88hZPiLeQgscApZQS,,
Tue Dec 07 2021 09:40:20 GMT-0800 (Pacific Standard Time),deposit,,exodus_0,,,,,,,,0.016576,XTZ,opWqiuqJ1PDXjSNDSpXed4fSfwiR5bLcGkLQ4NF1wra4kzRgSy1,https://tzstats.com/operation/opWqiuqJ1PDXjSNDSpXed4fSfwiR5bLcGkLQ4NF1wra4kzRgSy1,,
Fri Dec 10 2021 08:45:56 GMT-0800 (Pacific Standard Time),deposit,,exodus_0,,,,,,,,0.016352,XTZ,onqMp4ru7j8eAFanv4zNnGW2pYAVswWkFcmFepKafUejN2SAKH7,https://tzstats.com/operation/onqMp4ru7j8eAFanv4zNnGW2pYAVswWkFcmFepKafUejN2SAKH7,,
Mon Dec 13 2021 06:13:46 GMT-0800 (Pacific Standard Time),deposit,,exodus_0,,,,,,,,0.016361,XTZ,ooLt8Y6Gi9gJCzbhb8GTMtqTY2M3Dbbz6smupa3WjJSYXVM2WYh,https://tzstats.com/operation/ooLt8Y6Gi9gJCzbhb8GTMtqTY2M3Dbbz6smupa3WjJSYXVM2WYh,,
Thu Dec 16 2021 05:20:26 GMT-0800 (Pacific Standard Time),deposit,,exodus_0,,,,,,,,0.017727,XTZ,ooFA9936riUL8wN16D5B6R7qV8hNUvmuyPinvG7LZVqW4UkUZuh,https://tzstats.com/operation/ooFA9936riUL8wN16D5B6R7qV8hNUvmuyPinvG7LZVqW4UkUZuh,,
Sun Dec 19 2021 01:29:36 GMT-0800 (Pacific Standard Time),deposit,,exodus_0,,,,,,,,0.016918,XTZ,oo9FkHx1DM1f1tPiitR1p6K6sE94UovPU67bF5vmZ8wLUsFyQwj,https://tzstats.com/operation/oo9FkHx1DM1f1tPiitR1p6K6sE94UovPU67bF5vmZ8wLUsFyQwj,,
Wed Dec 22 2021 07:49:30 GMT-0800 (Pacific Standard Time),deposit,,exodus_0,,,,,,,,0.017173,XTZ,oo2tDcDFnmohfUmy9uoNhCYAQBnm4zD1ob7VWCM9yePypD7mw7X,https://tzstats.com/operation/oo2tDcDFnmohfUmy9uoNhCYAQBnm4zD1ob7VWCM9yePypD7mw7X,,
Sat Dec 25 2021 01:12:50 GMT-0800 (Pacific Standard Time),deposit,,exodus_0,,,,,,,,0.017499,XTZ,ooQ2dyZ2QzHTD8Gue34wNoCxuigG9XFWQJdm5qDC9QefYMkDaHW,https://tzstats.com/operation/ooQ2dyZ2QzHTD8Gue34wNoCxuigG9XFWQJdm5qDC9QefYMkDaHW,,
Mon Dec 27 2021 23:42:40 GMT-0800 (Pacific Standard Time),deposit,,exodus_0,,,,,,,,0.017059,XTZ,ooPcyhB8Nor6HnCi1HXM6nGW9anQrkNAnv5mSGRFQE8mQStEoZ2,https://tzstats.com/operation/ooPcyhB8Nor6HnCi1HXM6nGW9anQrkNAnv5mSGRFQE8mQStEoZ2,,
Thu Dec 30 2021 09:47:04 GMT-0800 (Pacific Standard Time),deposit,,exodus_0,,,,,,,,0,ATOM,1B6E7D619EF5C1C123457CEB4C6D6A79BEFF52DB146454BAA98D99EE33245BA9,https://www.mintscan.io/cosmos/txs/1B6E7D619EF5C1C123457CEB4C6D6A79BEFF52DB146454BAA98D99EE33245BA9,,
Fri Dec 31 2021 07:48:20 GMT-0800 (Pacific Standard Time),deposit,,exodus_0,,,,,,,,0.019027,XTZ,onkjHDhN4v4gqJAdThj47sBN43vMWpKgydA78BUtUWCUnejYDyY,https://tzstats.com/operation/onkjHDhN4v4gqJAdThj47sBN43vMWpKgydA78BUtUWCUnejYDyY,,
Mon Jan 03 2022 02:30:20 GMT-0800 (Pacific Standard Time),deposit,,exodus_0,,,,,,,,0.017703,XTZ,onkHnjKPasLLzKA2Pa3s8bZGwMM9REhUoVvCa968M2QhEWcVKHp,https://tzstats.com/operation/onkHnjKPasLLzKA2Pa3s8bZGwMM9REhUoVvCa968M2QhEWcVKHp,,
Thu Jan 06 2022 01:15:10 GMT-0800 (Pacific Standard Time),deposit,,exodus_0,,,,,,,,0.018071,XTZ,onpdxvmBHJAdhK8pD2jKbdmZtvSnAHjWEdqGQC4K1jhzxmYQjz5,https://tzstats.com/operation/onpdxvmBHJAdhK8pD2jKbdmZtvSnAHjWEdqGQC4K1jhzxmYQjz5,,
Sun Jan 09 2022 00:47:00 GMT-0800 (Pacific Standard Time),deposit,,exodus_0,,,,,,,,0.018549,XTZ,ooxyrXBdAtKfC2aph5kBy9LbV3H1rFudJnx5iTDLAJmjVe3Z592,https://tzstats.com/operation/ooxyrXBdAtKfC2aph5kBy9LbV3H1rFudJnx5iTDLAJmjVe3Z592,,
Wed Jan 12 2022 12:41:13 GMT-0800 (Pacific Standard Time),withdrawal,exodus_0,,-0.07820931,MKR,-0.01038319252028315,ETH,0x35423ad6f19a8fb19d5d34449f66e004d7d824a3,0xc1647a2894abdf35b5509ac4e2ee77aba98f9433dae84230f9a387be668d05c2,https://etherscan.io/tx/0xc1647a2894abdf35b5509ac4e2ee77aba98f9433dae84230f9a387be668d05c2,,,,,,
Wed Jan 12 2022 12:42:57 GMT-0800 (Pacific Standard Time),withdrawal,exodus_0,,-125.7227927,XLM,-0.00001,XLM,GDQP2KPQGKIHYJGXNUIYOMHARUARCA7DJT5FO2FFOOKY3B2WSQHG4W37,9f865b78d2f774c668d5305d40521e4d8a71c69a5128313acce9d9c4d73ca837,https://stellar.expert/explorer/public/tx/9f865b78d2f774c668d5305d40521e4d8a71c69a5128313acce9d9c4d73ca837,,,,,,
Wed Jan 12 2022 12:43:42 GMT-0800 (Pacific Standard Time),withdrawal,exodus_0,,-10.61662663,LINK,-0.009399222258917898,ETH,0xa83c985ecb152eda1da6e731f9c3e3850c27a250,0xc5366716c0c4271393be33f8018591b9ebaa0d2229b982cdb1fd093751783183,https://etherscan.io/tx/0xc5366716c0c4271393be33f8018591b9ebaa0d2229b982cdb1fd093751783183,,,,,,
Wed Jan 12 2022 12:44:22 GMT-0800 (Pacific Standard Time),withdrawal,exodus_0,,-0.029,COMP,-0.01177650822323809,ETH,0x2d3a6b3117f7db93339dfed3fb0066826b1afd95,0x8110e662992e29758cb0b30328c0fa1b1ef7e8ff9fdd10b286b7c17c7732e678,https://etherscan.io/tx/0x8110e662992e29758cb0b30328c0fa1b1ef7e8ff9fdd10b286b7c17c7732e678,,,,,,
Wed Jan 12 2022 12:45:17 GMT-0800 (Pacific Standard Time),withdrawal,exodus_0,,-3.303775,UNI,-0.011730843754932814,ETH,0xd12f8a2af3576756b38e926c3a8c0bed83105747,0x91c0ebb7679922b73d5220cd402acdeef4d1e1e83f1b53438a0279f22c1e627d,https://etherscan.io/tx/0x91c0ebb7679922b73d5220cd402acdeef4d1e1e83f1b53438a0279f22c1e627d,,,,,,
Wed Jan 12 2022 12:46:10 GMT-0800 (Pacific Standard Time),withdrawal,exodus_0,,-57.68090798,ZRX,-0.010147029709150584,ETH,0x8299b7582ae68e318c85a635eeb85fe3a1435086,0x014a40494a001fb081c796902768c2d9627b178e1e1b02b6e998b0f2301abc9b,https://etherscan.io/tx/0x014a40494a001fb081c796902768c2d9627b178e1e1b02b6e998b0f2301abc9b,,,,,,
Wed Jan 12 2022 12:47:37 GMT-0800 (Pacific Standard Time),withdrawal,exodus_0,,-1277.01028937,CDAI,-0.0296294301467682,ETH,0x0963faf42b8430354a823ad6e7061b159cac694f,0x5c32f074923fbd6c2eee12d211584c8d6c0b9ec26d021f33fee1d366fb8099de,https://etherscan.io/tx/0x5c32f074923fbd6c2eee12d211584c8d6c0b9ec26d021f33fee1d366fb8099de,,,,,,
Wed Jan 12 2022 12:48:30 GMT-0800 (Pacific Standard Time),withdrawal,exodus_0,,0,XTZ,-0.00284,XTZ,,opTVgTAe7hKnzAjQWrzmKwwyabrgZVjiXVTipGoJGf7MEHt9ZBs,https://tzstats.com/operation/opTVgTAe7hKnzAjQWrzmKwwyabrgZVjiXVTipGoJGf7MEHt9ZBs,,,,,,
Wed Jan 12 2022 12:49:00 GMT-0800 (Pacific Standard Time),withdrawal,exodus_0,,-42.313132,XTZ,-0.00284,XTZ,tz1PM6Wk9FoKKRfaMG8CWqXHMZ6rvEWMe4Fc,oofRbmD72jfuHSicqhPk7icSCGJFvzVgH3K1B4SGJ6ZhzMsRgJ4,https://tzstats.com/operation/oofRbmD72jfuHSicqhPk7icSCGJFvzVgH3K1B4SGJ6ZhzMsRgJ4,,,,,,
Thu Jan 13 2022 10:30:30 GMT-0800 (Pacific Standard Time),deposit,,exodus_0,,,,,,,,0.017047,XTZ,ooiz9ukvxNM2QeDaBChdrj6DqrA43Y9M9kWP2BbaZHFrLrdznE2,https://tzstats.com/operation/ooiz9ukvxNM2QeDaBChdrj6DqrA43Y9M9kWP2BbaZHFrLrdznE2,,
Sat Jan 15 2022 02:29:10 GMT-0800 (Pacific Standard Time),deposit,,exodus_0,,,,,,,,0.018554,XTZ,opFk2iapihiLAjvBeWvNMWZz45zcfvbRaMNcZM42fN99zsJVqpj,https://tzstats.com/operation/opFk2iapihiLAjvBeWvNMWZz45zcfvbRaMNcZM42fN99zsJVqpj,,
Tue Jan 18 2022 00:30:00 GMT-0800 (Pacific Standard Time),deposit,,exodus_0,,,,,,,,0.018862,XTZ,ooeX3K76VwRdZNPms2nFTaJ3rQ7fKZ3KTfuEYyKT9wV2ifdiFNA,https://tzstats.com/operation/ooeX3K76VwRdZNPms2nFTaJ3rQ7fKZ3KTfuEYyKT9wV2ifdiFNA,,
Thu Jan 20 2022 23:47:00 GMT-0800 (Pacific Standard Time),deposit,,exodus_0,,,,,,,,0.01846,XTZ,onuqh15gEvAR1m1s5YLqJVgH42fse23J2kcWAAAD8BtgYDARrhX,https://tzstats.com/operation/onuqh15gEvAR1m1s5YLqJVgH42fse23J2kcWAAAD8BtgYDARrhX,,
Sun Jan 23 2022 23:40:40 GMT-0800 (Pacific Standard Time),deposit,,exodus_0,,,,,,,,0.018499,XTZ,oonKkjDwvw1fMcKojxZQFRNEc3G788HkrcJXeaTBKYgJQN9HFpQ,https://tzstats.com/operation/oonKkjDwvw1fMcKojxZQFRNEc3G788HkrcJXeaTBKYgJQN9HFpQ,,
Mon Jan 24 2022 10:42:11 GMT-0800 (Pacific Standard Time),deposit,,exodus_0,,,,,,,,0.01072965,BTC,8711afa326bab9b3aa673f7808330486d73c7fb76f54ae968d235e59583551d1,https://mempool.space/tx/8711afa326bab9b3aa673f7808330486d73c7fb76f54ae968d235e59583551d1,,
Thu Jan 27 2022 00:53:38 GMT-0800 (Pacific Standard Time),deposit,,exodus_0,,,,,,,,0.017937,XTZ,opEgbtGWit2sY92T8Rw5ZwkEmvuwXAHCoDo93faPRmU8t9AffK4,https://tzstats.com/operation/opEgbtGWit2sY92T8Rw5ZwkEmvuwXAHCoDo93faPRmU8t9AffK4,,
Sun Jan 30 2022 00:11:48 GMT-0800 (Pacific Standard Time),deposit,,exodus_0,,,,,,,,0.018306,XTZ,ooyvcsgKe1NvXuDdvb5JtgzM6rGDdhtFrTnxcMMHvY1MLAbticr,https://tzstats.com/operation/ooyvcsgKe1NvXuDdvb5JtgzM6rGDdhtFrTnxcMMHvY1MLAbticr,,
Wed Feb 02 2022 01:13:56 GMT-0800 (Pacific Standard Time),deposit,,exodus_0,,,,,,,,0.018523,XTZ,opFLjjpY2dkyHqBoV1PWkAHSrQETpLnhG49aoTyYaHpwigyC7eq,https://tzstats.com/operation/opFLjjpY2dkyHqBoV1PWkAHSrQETpLnhG49aoTyYaHpwigyC7eq,,
Sat Feb 05 2022 02:43:04 GMT-0800 (Pacific Standard Time),deposit,,exodus_0,,,,,,,,0.018692,XTZ,oo3bYJYzvQJETvyMGUfUH1rEsgAZt9P8sQ1iSKLqChKa1fhTwZD,https://tzstats.com/operation/oo3bYJYzvQJETvyMGUfUH1rEsgAZt9P8sQ1iSKLqChKa1fhTwZD,,
Mon Feb 07 2022 08:31:34 GMT-0800 (Pacific Standard Time),deposit,,exodus_0,,,,,,,,0.018953,XTZ,opPP2owCTyndX5rXkgV8Xsm9YPBKB8dnUs2HYg1PPE4TUcPLHxv,https://tzstats.com/operation/opPP2owCTyndX5rXkgV8Xsm9YPBKB8dnUs2HYg1PPE4TUcPLHxv,,
Thu Feb 10 2022 09:37:54 GMT-0800 (Pacific Standard Time),deposit,,exodus_0,,,,,,,,0.019147,XTZ,oo9Spp1bSitRicsGFWdhrDu9RBtZvWWJm3mp1xepQyiTfQiAUfX,https://tzstats.com/operation/oo9Spp1bSitRicsGFWdhrDu9RBtZvWWJm3mp1xepQyiTfQiAUfX,,
Sun Feb 13 2022 01:25:04 GMT-0800 (Pacific Standard Time),deposit,,exodus_0,,,,,,,,0.0186,XTZ,ooAATXKHRYAb195bcMZ7oFCde3VL3RgS99f3XK1T5XodVDRcs8b,https://tzstats.com/operation/ooAATXKHRYAb195bcMZ7oFCde3VL3RgS99f3XK1T5XodVDRcs8b,,
Wed Feb 16 2022 13:54:50 GMT-0800 (Pacific Standard Time),deposit,,exodus_0,,,,,,,,0.019177,XTZ,onzEY8XhzyrLfLwD4U6WVTL8JHWVZJnHirh2vT9EvM8g3Q2XjnK,https://tzstats.com/operation/onzEY8XhzyrLfLwD4U6WVTL8JHWVZJnHirh2vT9EvM8g3Q2XjnK,,
Tue Mar 01 2022 20:06:16 GMT-0800 (Pacific Standard Time),withdrawal,exodus_0,,-0.38342048804429,ETH,-0.000829986866499,ETH,0xcb387873d060bdadab0c8b87dede4783428adbe6,0x9388ecc5de62092bae68f3bbe36155231c90cb20e60e0d814088fe1f96b9ff5d,https://etherscan.io/tx/0x9388ecc5de62092bae68f3bbe36155231c90cb20e60e0d814088fe1f96b9ff5d,,,,,,
Fri Mar 11 2022 09:16:27 GMT-0800 (Pacific Standard Time),deposit,,exodus_0,,,,,,,,0.01155352,BTC,3a3fd237581bcaaa2fb27ce2352d491fb97504c8944cf9cf97d6e62e94a876b1,https://mempool.space/tx/3a3fd237581bcaaa2fb27ce2352d491fb97504c8944cf9cf97d6e62e94a876b1,,
Fri Mar 11 2022 09:27:32 GMT-0800 (Pacific Standard Time),deposit,,exodus_0,,,,,,,,0.024309,BTC,423a458790cfcbcba326f0a9e4e8481d3aea5e3413c9110177582f0ad15bac9f,https://mempool.space/tx/423a458790cfcbcba326f0a9e4e8481d3aea5e3413c9110177582f0ad15bac9f,,